chroma_stft_min,chroma_stft_max,chroma_cqt_min,chroma_cqt_max,chroma_cens_min,chroma_cens_max,melspectogram_min,melspectogram_max,mfcc_min,mfcc_max,rms_min,rms_max,spectral_centroid_min,spectral_centroid_max,spectral_bandwidth_min,spectral_bandwidth_max,spectral_contrast_min,spectral_contrast_max,spectral_flatness_min,spectral_flatness_max,spectral_rolloff_min,spectral_rolloff_max,poly_features_min,poly_features_max,tonnetz_min,tonnetz_max,zero_crossing_rate_min,zero_crossing_rate_max,tempogram_min,tempogram_max,mfcc_min,mfcc_max,mel_to_stft_min,mel_to_stft_max,class
0.0012518167,1.0,0.028087497,1.0,0.0,0.7973605284603544,4.8497126e-11,1608.1553,-313.89453,158.9794,0.030184226,0.32986242,802.8701394524121,6283.46331886995,1255.4403516931468,3741.030656969213,3.8522532439176684,66.89786842802252,5.265977e-05,0.19490042,1238.1591796875,9646.875,0.24740969527110185,5.805516992899949,-0.4498696662485604,0.4981418900313895,0.02001953125,0.50634765625,-3.1843498053729323e-16,1.0,-26.059307,44.195885,0.0,12.531638,3
0.0012359938,1.0,0.049233038,1.0,0.0,0.7101216841110732,4.1021153e-07,4487.7754,-211.82755,155.29317,0.043407932,0.4062691,931.0030741013211,6915.902473983131,1491.2668271643151,3785.840414234769,4.037306077864449,48.19099124247509,0.00023255144,0.21272385,2099.4873046875,9668.408203125,0.4484914654491198,2.7544578793876027,-0.4050994999706749,0.43864214420318576,0.013671875,0.57568359375,-3.1179382196771575e-16,1.0,-20.617844,25.392746,0.0,16.32825,3
0.00016414783,1.0,0.009047217,1.0,0.0,0.7722056156732336,1.2983691e-08,1190.8945,-370.22098,230.16904,0.019240322,0.23399909,470.65931328601323,1436.6758238990944,678.1062416319405,1491.1702139510364,3.387434835996533,47.179985072793436,1.2700551e-05,0.0010205545,635.2294921875,2637.8173828125,0.09606990816197802,1.1249701193742523,-0.5727244196459653,0.5048852823674677,0.01708984375,0.08544921875,-4.1190270609546186e-16,1.0,-16.024027,19.057417,0.0,11.388083,3
0.0017634123,1.0,0.034656968,1.0,0.0,0.670850789565412,2.1471632e-08,2198.9436,-284.60513,200.24591,0.036209974,0.35338658,881.0035724420759,6399.0868249965415,1051.6246099507673,3761.715790954801,4.171476741019544,70.25620485610699,0.0001561871,0.090338044,1195.0927734375,9506.9091796875,0.193435472857298,4.237339620676497,-0.3825893756002193,0.4310017637908456,0.02392578125,0.5078125,-3.582339762502285e-16,1.0,-31.472502,32.328354,0.0,13.54342,3
0.0010737818,1.0,0.01700065,1.0,0.0,0.755667183727045,1.6806252e-08,2149.3972,-344.30637,203.72919,0.022724615,0.3655831,431.85895194758024,7886.001267226851,821.2887615002464,3868.970137428131,4.1260836462572374,58.36178263731728,2.666612e-05,0.15368885,645.99609375,10034.47265625,0.1315788998085253,3.868787108897798,-0.4454634934663776,0.50515789537554,0.01708984375,0.705078125,-2.8120292942277916e-16,1.0,-28.704193,35.110043,0.0,14.5519495,3
0.0028451383,1.0,0.071083024,1.0,0.0,0.6645030004677982,1.0706964e-09,1155.562,-293.5356,165.607,0.017375203,0.22415082,825.3925075601318,6004.873666215571,1316.8954516653484,3924.044919547205,4.152329693991559,49.40292294547582,0.00017125506,0.23415136,2067.1875,9528.4423828125,0.150911571136477,2.8956093250820687,-0.2777302712202077,0.41959523693219536,0.01171875,0.39306640625,-3.8876197569579042e-16,1.0,-30.919239,33.671455,0.0,12.004159,3
0.002951125,1.0,0.0577092,1.0,0.0,0.6015000208324046,7.557233e-08,2506.1328,-182.4673,163.49716,0.04575711,0.37518552,1171.94796922538,5718.726741767858,1388.3661478712086,3738.158833715098,3.6856468748689064,46.75109372852115,0.00043465785,0.13799058,2142.5537109375,9291.5771484375,0.45077078247965274,5.049965263352751,-0.41037590056657836,0.30743071994200555,0.03125,0.37451171875,-2.6650536875290746e-16,1.0,-22.061401,22.06513,0.0,14.509651,3
0.0012895205,1.0,0.059498217,1.0,0.0,0.6575679534568373,3.1910957e-07,3434.895,-182.27075,159.29272,0.05894092,0.42175442,1054.6485643053913,5954.182042004082,1400.9816377213856,3830.454499022184,4.885362628267754,53.67363664791294,0.00037549573,0.2288507,2293.2861328125,9593.0419921875,0.46256998826624757,4.049393212392289,-0.43083867616951504,0.3456873969387246,0.02685546875,0.46435546875,-4.475292855009924e-16,1.0,-19.787174,23.884192,0.0,15.708421,3
0.0018647083,1.0,0.05511982,1.0,0.0,0.7588920130198553,3.630153e-10,549.8978,-212.87328,163.94617,0.030881628,0.21839364,1334.6719463167788,4865.273245977872,1340.83206407553,3729.424122067602,5.5856095369849275,57.42314502775152,6.2960484e-05,0.025142614,2465.5517578125,9474.609375,0.3316295859917205,1.785734948496754,-0.37893820554018065,0.38447016515126603,0.04541015625,0.36572265625,-3.9719099961529045e-16,1.0,-16.34199,14.506971,0.0,10.204957,3
0.0002508879,1.0,0.027058152,1.0,0.0,0.8155611039475664,9.33654e-08,2838.9358,-405.64957,190.64127,0.025135512,0.3589427,691.7276281568813,6305.973051361795,908.0590742295313,3939.1973084438355,5.466916611872726,47.85913839007411,3.085952e-05,0.118264295,861.328125,9636.1083984375,0.09374606576846944,2.7394108675323023,-0.5305565223097805,0.5709076244384047,0.0205078125,0.32373046875,-2.9328038740553927e-16,1.0,-26.018661,42.578835,0.0,15.343502,3
0.0005991183,1.0,0.01739688,1.0,0.0,0.8424392860651169,6.540706e-11,753.9166,-364.89127,176.66675,0.008782712,0.31709617,1247.5323215659919,3905.6985543672154,1203.0223392145906,3107.779275575753,4.528766450405316,64.28663077524888,8.300575e-06,0.020403061,1518.0908203125,7062.890625,0.07517546914794031,2.018156187505986,-0.611427918147812,0.5983455922548941,0.0380859375,0.3154296875,-4.604491964385564e-16,1.0,-13.412185,21.316912,0.0,10.70844,3
0.0036931164,1.0,0.016694121,1.0,0.0,0.9089411799968612,1.4243186e-06,1886.0292,-202.3542,167.61899,0.07876105,0.3361383,884.8477192014113,5130.17706656511,1427.5914211507961,3903.5392479496227,5.943290227481269,45.91883977602198,0.00057694956,0.16365089,1518.0908203125,9431.54296875,0.5217255789370002,3.9277286206495865,-0.621217363352039,0.5954842814013739,0.021484375,0.35009765625,-3.649576583609238e-16,1.0,-16.06723,24.510628,0.0,12.641476,3
0.00064240344,1.0,0.033639867,1.0,0.0,0.8846531169378649,1.1747968e-07,2141.6401,-309.62262,174.88461,0.035127703,0.28688046,658.3789185457703,5244.086319724746,1219.34592509869,3954.471489793626,6.1969941608332295,46.69437452640848,7.323318e-05,0.22560184,947.4609375,9366.943359375,0.2008045389474025,2.7085386884738916,-0.5119907651096588,0.5564689870882996,0.01318359375,0.31640625,-3.254366315934913e-16,1.0,-30.41042,30.06308,0.0,13.921017,3
0.00072854786,1.0,0.019957121,1.0,0.0,0.8786949021831225,2.0172651e-08,1439.1035,-343.3174,177.62445,0.027101465,0.28313613,669.8976384955673,5919.345642167734,1260.657094500745,4096.193388239994,6.430301564657796,49.79905659163026,9.965885e-05,0.14426571,775.1953125,9679.1748046875,0.16804694995027195,2.895817819862432,-0.6109069373792276,0.6397196669131515,0.0087890625,0.3359375,-2.8885298631424267e-16,1.0,-29.005888,33.14009,0.0,12.057161,3
0.0007840912,1.0,0.017707366,1.0,0.0,0.8682682109783341,7.668802e-08,1724.7448,-331.1437,175.23662,0.034758035,0.33178163,665.4730767850335,5902.761474006062,1286.9808919171119,4093.9149967821468,5.402283722866278,50.27753039344078,9.140711e-05,0.13550128,742.8955078125,9689.94140625,0.1922419893684393,3.509947324822848,-0.6140530560929113,0.635249178856611,0.00732421875,0.33544921875,-4.0762619415920333e-16,1.0,-29.77779,33.602875,0.0,12.258494,3
0.0007979083,1.0,0.020241171,1.0,0.0,0.8699333464054633,1.9774179e-08,1221.8916,-347.69415,175.38016,0.02912387,0.27814448,665.9803844152325,5906.334782466431,1268.17380186087,4096.529423990296,5.824668086572148,59.61140663741039,9.354565e-05,0.13641725,753.662109375,9679.1748046875,0.16071853226955612,2.933904774103698,-0.617514715232937,0.639551371335983,0.0087890625,0.32470703125,-3.366319017011369e-16,1.0,-29.711704,33.618813,0.0,11.201637,3
0.000911233,1.0,0.036514845,1.0,0.0,0.67462732293055,3.2524393e-11,911.9364,-310.6033,207.10336,0.025001273,0.19127238,720.2330654900879,2651.139559706902,911.5956335875567,2036.259207948215,4.708365335690986,55.85594527459444,1.2424303e-05,0.004320456,1550.390625,4392.7734375,0.16554413092409279,1.6188825154135864,-0.3963783547622104,0.431563405320048,0.0185546875,0.25439453125,-3.3806554327647397e-16,1.0,-13.846576,16.878721,0.0,11.465799,3
0.0005291039,1.0,0.02164167,1.0,0.0,0.7518191252562604,2.3810958e-09,964.47565,-353.6507,185.47777,0.008732731,0.19344799,933.0657601460641,6590.4872431398235,1107.4945962265288,3429.6609798408736,4.318436371249784,57.027998653560445,0.00012713068,0.13922705,1518.0908203125,8957.8125,0.08017352874792118,2.2022711267768575,-0.4234847463667396,0.5273280145684794,0.01904296875,0.60107421875,-3.0063934818311253e-16,1.0,-19.883186,25.900146,0.0,11.362795,3
0.0007341094,1.0,0.018890115,1.0,0.0,0.869502167385383,1.325594e-08,1781.2006,-383.15247,183.6394,0.015708426,0.30008477,900.6476504337011,6299.15782633942,1023.1581116325974,4038.160326131885,5.043720419254038,48.88298457712294,8.775186e-05,0.082543604,1324.2919921875,9808.3740234375,0.08175022816672001,2.2584474741737357,-0.5905798953026536,0.570230292781308,0.02880859375,0.44140625,-3.890765761828948e-16,1.0,-19.369951,33.701897,0.0,13.13892,3
0.00031843563,1.0,0.022065043,1.0,0.0,0.913528979865052,2.5346236e-11,3221.0728,-287.95126,180.18115,0.042266943,0.38044074,760.8348412538759,6536.914348750879,1150.1014982008503,4139.986360323152,6.689039251736098,62.866872269245775,0.00012283609,0.16196886,1259.6923828125,9819.140625,0.2774341205654632,3.559186129979333,-0.5113973729312423,0.564930129680696,0.0087890625,0.52880859375,-4.2069819951929675e-16,1.0,-20.385748,23.972868,0.0,14.622534,3
0.00019421343,1.0,0.025516314,1.0,0.0,0.8387483373314338,2.390065e-11,654.12256,-320.013,242.43863,0.030117637,0.17431104,673.8549872871477,2421.1247720252686,701.7642793472387,2164.8223781096685,3.754746061459697,60.54191435950705,1.10571755e-05,0.0058825263,1076.66015625,5189.501953125,0.1927642592033472,1.5260863571076613,-0.4980270452797416,0.5407988559454677,0.01806640625,0.15869140625,-3.479854807718279e-16,1.0,-18.613394,18.611189,0.0,10.777077,3
0.0007278487,1.0,0.032739654,1.0,0.0,0.8405386968962137,2.4016006e-07,2817.0312,-257.34482,176.22165,0.042615782,0.3535281,899.585445497866,2973.2622210984996,1037.3580745154586,2439.0001344257566,5.031208185903653,64.17125719190618,9.117438e-05,0.033187434,1227.392578125,5340.234375,0.3015994378580321,4.135263318319677,-0.411966672643038,0.5046315677464004,0.009765625,0.259765625,-3.821005324873066e-16,1.0,-22.29739,42.95863,0.0,15.219762,3
0.00077963737,1.0,0.016758483,1.0,0.0,0.8788488120163775,8.976315e-08,3538.0532,-217.1048,192.21213,0.034286287,0.4292617,789.2507030235572,3396.5972119319595,969.6908435867396,3235.696243740422,3.1272997670183464,70.77822098556919,7.952182e-05,0.033319693,1324.2919921875,7698.1201171875,0.3279040114962862,3.8432990235108404,-0.658942067995668,0.6027949661347746,0.02001953125,0.19873046875,-3.638366480042558e-16,1.0,-18.795439,15.852819,0.0,15.525528,3
0.0014985377,1.0,0.035744067,1.0,0.0,0.7594859447205752,1.7943147e-07,8537.307,-198.76929,124.55447,0.04056759,0.51256394,1155.9496040255494,4427.300220185576,1586.665879087835,3421.5500823512043,2.559321462494127,48.25238556457503,0.00019533387,0.20676911,2627.05078125,8484.08203125,0.43674333872623655,4.575893992292806,-0.5000156946480279,0.5695612783903244,0.02783203125,0.26220703125,-3.3266335268221903e-16,1.0,-23.260313,29.572515,0.0,19.821371,3
0.0040754555,1.0,0.046742067,1.0,0.0001263397988699599,0.6893248104937738,7.8984563e-10,1875.4587,-275.49265,150.70596,0.018585889,0.26388735,956.3242177001014,5208.25567052776,1499.9361882589033,3518.015325413946,2.915836187007035,56.02956562279141,0.00020880158,0.30180684,1830.322265625,8990.1123046875,0.1965789583625891,2.4773350643131464,-0.45654061809182206,0.5069097644281745,0.015625,0.39111328125,-2.552599648234337e-16,1.0,-27.578508,27.132189,0.0,12.938538,3
0.0011696538,1.0,0.030855017,1.0,0.0,0.7337087444467193,2.1538092e-08,906.9067,-334.90384,179.17415,0.017036293,0.24517907,1092.7658080399328,4850.038542487495,1175.442584683464,3718.1835278914264,6.664581753936086,56.93314869438758,0.00012123593,0.11375729,1959.521484375,9840.673828125,0.1207947161202726,1.9733145528791813,-0.47117973864078555,0.5678831879049537,0.03515625,0.3134765625,-4.679212775708516e-16,1.0,-19.637295,25.263601,0.0,11.024565,3
0.00046472013,1.0,0.02141578,1.0,0.0,0.8286986845054202,6.065236e-08,986.09595,-287.59082,168.02597,0.015153654,0.23800589,857.4646511964304,5013.306663148198,1178.3179768744849,3837.0903659014743,5.15027695007869,49.072389412227864,7.5371754e-05,0.09335346,1475.0244140625,9722.2412109375,0.15122788262099088,1.8690818194009675,-0.5648815743625168,0.3909299839287994,0.0166015625,0.283203125,-2.8683962973731446e-16,1.0,-18.705175,24.727942,0.0,11.3585,3
0.00019240468,1.0,0.016504396,1.0,0.0,0.7764465616567995,1.18973755e-08,1165.6602,-328.62616,228.34052,0.02261635,0.22196668,659.2393350418486,2531.411201353499,761.5931972288228,3219.558089267812,4.554498129270524,51.36327567189705,1.619833e-05,0.023713533,968.994140625,7245.9228515625,0.13583053113620802,1.6697793905382996,-0.6026198361068966,0.60978745855391,0.02392578125,0.14111328125,-3.077742920969138e-16,1.0,-22.98452,23.350746,0.0,12.182641,3
0.0021667215,1.0,0.06192544,1.0,0.01383853882611445,0.6794402891706183,2.2000027e-07,849.46,-380.25443,136.95502,0.008112519,0.18930252,601.6761832432194,6193.2302766109115,1695.628474819037,4352.86127616756,4.6344918810875555,53.92004012803264,7.6918004e-05,0.25573742,247.6318359375,10174.4384765625,0.06894803217212958,2.0892664884466945,-0.258633498102427,0.31423056870698896,0.005859375,0.41259765625,-2.8326523383725165e-16,1.0,-30.858305,33.656616,0.0,10.589271,3
0.0006002764,1.0,0.035930835,1.0,0.0,0.8033900356620264,2.7860708e-08,455.77997,-312.79044,169.87636,0.021660917,0.16967884,1004.6964672739725,5622.576494081572,1249.097981377605,3598.159336859136,6.471692731150652,58.735868397082506,0.0001121148,0.07554214,1722.65625,9043.9453125,0.16705695624260497,1.354177687445182,-0.5047278450045484,0.5419009160250423,0.03076171875,0.39501953125,-3.5698835754357166e-16,1.0,-19.342258,25.566168,0.0,9.271846,3
0.0014076442,1.0,0.023758804,1.0,0.0,0.8262433544578771,2.385589e-08,759.2994,-303.5172,184.31012,0.030008374,0.20841268,811.7219671019765,2446.450328671898,1084.6528359817269,2422.2742421372136,4.404651544847037,54.89767136336704,0.0001071219,0.028631706,1238.1591796875,5146.435546875,0.20078409892994337,1.6981767335076805,-0.5481433396059092,0.5088372603058812,0.0302734375,0.16748046875,-3.6127133635536895e-16,1.0,-18.414215,15.004806,0.0,10.562752,3
8.6535074e-05,1.0,0.013306455,1.0,0.0,0.8955850350011632,1.2532301e-08,3097.4587,-361.71033,214.55908,0.016815266,0.35019603,617.8033890944412,2628.729037824025,811.107535612882,2624.266596334056,2.214501623269583,51.96565348806371,6.4513247e-06,0.009536342,785.9619140625,5534.033203125,0.09595086265717187,2.274630623665035,-0.523520676419139,0.6059792060405014,0.01904296875,0.12646484375,-2.8700661618458955e-16,1.0,-17.778053,33.060772,0.0,15.271484,3
0.00011731677,1.0,0.01478124,1.0,0.0,0.8251071254621353,1.15047865e-08,1840.3987,-415.10388,218.0405,0.009510156,0.27718458,561.519231690048,2059.8742978271785,683.2950251140991,2464.0597717681308,3.618705481975404,49.150914538293875,7.2739776e-06,0.005485953,538.330078125,4758.837890625,0.04948894386780609,1.7881724607365987,-0.5707399183884266,0.5376407410949466,0.021484375,0.12939453125,-2.7031043060681643e-16,1.0,-20.359892,33.729305,0.0,13.395718,3
0.0004767096,1.0,0.027335275,1.0,0.0,0.7589578678897009,1.218219e-10,5099.884,-335.42645,203.27841,0.021626882,0.4670491,575.2143664173193,3803.4621265312517,837.7959678808784,3561.647648895839,5.914484345433357,57.71815657806356,1.7880299e-06,0.017911095,742.8955078125,8042.6513671875,0.12787530879629955,2.2804064998360016,-0.44907528162002613,0.5057484079152343,0.02392578125,0.19677734375,-4.014340638813882e-16,1.0,-26.489077,34.9511,0.0,17.056734,3
0.0006140178,1.0,0.029781295,1.0,0.0,0.7809340654951278,1.569011e-11,1034.2107,-286.07236,191.28647,0.02068212,0.24917927,897.2710861688713,4504.70231443572,1075.201622713461,3198.0490871726265,4.674459926735954,67.69499114860511,6.8304005e-05,0.12373704,1421.19140625,8376.416015625,0.17860153796530961,2.6412019854969326,-0.5057032897373968,0.5608516316860912,0.0380859375,0.26953125,-4.2344063763000474e-16,1.0,-17.554756,28.182144,0.0,11.269504,3
0.00028572028,1.0,0.026573049,1.0,0.0,0.8921717553888318,4.510539e-07,1688.6775,-197.10182,203.36847,0.095595405,0.27462262,837.0831924683639,3169.3894235134803,992.2743120768203,3264.427022259634,5.595360842453637,45.62172658990379,0.00017268772,0.05607007,1324.2919921875,7622.75390625,0.6669217787744799,3.1054043044891797,-0.5368608059684372,0.6037882547825573,0.0244140625,0.26953125,-3.896819992909846e-16,1.0,-17.627426,24.442415,0.0,13.234026,3
0.00089628116,1.0,0.047864076,1.0,0.0,0.742802615244076,4.005991e-07,960.33905,-210.1581,166.53271,0.07223649,0.23083965,1037.0885989976796,3852.3216929440973,1190.664488155779,3371.411041006297,5.015300592286665,44.37253282802585,0.00025116044,0.049108136,1776.4892578125,8074.951171875,0.4599825572563462,2.8806439656102745,-0.43821376934647605,0.42666191048920127,0.0107421875,0.22802734375,-3.9088407489841514e-16,1.0,-20.640379,22.507715,0.0,11.145098,3
0.00020423505,1.0,0.023014028,1.0,0.0,0.8375563157494402,2.2718146e-08,784.29736,-338.13358,192.98308,0.01361238,0.22831215,680.6798024067712,3984.3720186509663,1025.0781943900417,3034.120477236035,5.168964332909337,51.683768830276854,9.3895156e-05,0.0472495,958.2275390625,7213.623046875,0.1050409304339962,1.6115413091625375,-0.5962391737848524,0.5759405512362714,0.0283203125,0.1875,-3.0583397584497796e-16,1.0,-30.957527,34.513367,0.0,10.598126,3
0.0003207793,1.0,0.020154238,1.0,0.0,0.8540355770978337,7.842526e-08,1301.078,-268.79092,161.12796,0.024324566,0.3399904,1049.0106276757829,4065.598089454631,1279.271000976752,2827.741776087008,4.094317946271223,57.16974536173268,0.00010827401,0.05297544,2164.0869140625,6815.2587890625,0.20248410216900073,2.8911685772237097,-0.5923129454583703,0.572947587817907,0.03125,0.2646484375,-2.905434786747526e-16,1.0,-20.595692,33.96842,0.0,12.819494,3
0.0005069756,1.0,0.010680194,1.0,0.0,0.8247390567386343,6.076694e-09,2570.6921,-303.85724,200.23361,0.026853284,0.3873389,614.8209333357939,7316.411514474217,776.115455610272,3920.661163226849,5.7625488529915705,55.91768040777306,6.613953e-06,0.18849449,872.0947265625,10002.1728515625,0.14600559777946617,3.688374239297854,-0.6046612169593573,0.6947357095777987,0.015625,0.59716796875,-3.898906414289159e-16,1.0,-27.125473,39.535553,0.0,14.778552,3
0.0010090533,1.0,0.014430322,1.0,0.0,0.8022154092983151,1.4506655e-08,569.95593,-260.33923,203.39172,0.03749005,0.18543628,738.1274205128205,3701.5464219208966,1013.794929713176,3130.273370487357,4.560417358674454,51.00920062939842,8.586859e-05,0.075968415,1173.5595703125,7805.7861328125,0.2723278865627574,1.587039084725071,-0.46287319982777997,0.5203941315412518,0.02294921875,0.201171875,-4.0682854123552727e-16,1.0,-17.50272,21.333515,0.0,9.994992,3
0.0016937142,1.0,0.056165703,1.0,0.0,0.6745065046072953,5.1159774e-11,2014.809,-277.30542,220.78712,0.028232979,0.2842464,656.5443286410995,2958.9708181541946,895.5858167779904,3018.8947761821564,6.085463822303439,61.21557739372725,2.9956443e-06,0.0060359365,1248.92578125,7450.48828125,0.23412426196222821,2.2327793174891974,-0.33428062126040486,0.36057211458682964,0.01708984375,0.15625,-3.3428123222056516e-16,1.0,-22.223177,23.056408,0.0,13.86834,3
0.0024080283,1.0,0.02866181,1.0,0.0,0.7655103305998127,3.5373507e-08,2359.1958,-381.6703,180.96149,0.028390154,0.3851978,971.5419246289025,5868.595900637652,1163.807370561683,3614.3856727318034,5.901969436072871,51.5151334095797,0.00023544164,0.23696938,1787.255859375,8871.6796875,0.10982894955815398,3.8040550776695956,-0.5091808025219952,0.5046706460416315,0.02294921875,0.31103515625,-2.5669405683792447e-16,1.0,-29.464052,36.867138,0.0,13.697086,3
0.00042780634,1.0,0.0186129,1.0,0.0,0.8257460285995256,1.9281247e-08,1611.6326,-335.10196,179.45297,0.01155704,0.2686384,734.8705253626517,4305.6260218083635,1135.293833996988,2891.572578371491,3.6139887771394967,56.97194075084015,6.1340375e-05,0.053356424,1033.59375,6955.224609375,0.09810056073989233,1.76438579219528,-0.6224726811051371,0.6394192725419996,0.01708984375,0.38232421875,-3.293913960449292e-16,1.0,-26.490662,25.935406,0.0,13.385702,3
0.0019707065,1.0,0.023655893,1.0,0.0,0.8883110281004339,1.3543997e-09,1985.7981,-291.92902,201.25874,0.014735594,0.35331884,590.0078267655084,2516.5330814344816,953.0239988460371,2422.2836396700336,5.584533805871176,53.967853497347534,3.1676114e-05,0.025106855,904.39453125,5437.1337890625,0.1405737370786101,2.2093888692672037,-0.4459181930869824,0.6036605536937713,0.0146484375,0.126953125,-4.218977503731129e-16,1.0,-14.7182255,23.72624,0.0,13.907454,3
0.0011358326,1.0,0.036743216,1.0,0.0,0.693885673370439,9.074939e-08,3568.722,-250.01607,144.58493,0.023743697,0.38956127,892.7003441038522,5027.400114950184,1636.9105325151972,2987.3126569250976,5.055416771950719,47.52459684932388,0.00017119838,0.17624667,1841.0888671875,7848.8525390625,0.24938056181697715,2.6808038250259285,-0.3512769155204304,0.40401766076683965,0.0107421875,0.314453125,-3.9393632832176525e-16,1.0,-17.4489,19.346075,0.0,14.32275,3
0.0005139898,1.0,0.031484798,1.0,0.0009046971704647292,0.7508169307947212,3.0883546e-11,1918.7057,-309.39487,174.24481,0.012802607,0.30269748,950.6713061599378,5138.5833289284965,1493.0811786836332,3190.495909023439,2.319493568720282,64.77327176977643,1.0392537e-05,0.04004498,1636.5234375,8602.5146484375,0.12934173016620956,1.7089462676629983,-0.5932319480925802,0.5377613330661887,0.0322265625,0.3955078125,-4.0800382548415956e-16,1.0,-20.434578,17.28636,0.0,13.600953,3
0.0013557919,1.0,0.032469045,1.0,0.0,0.7885315389752191,3.5947956e-08,431.41235,-257.21097,176.81442,0.035274167,0.15573089,1000.1353105286305,4953.564048729689,1258.8917254245962,3677.845807722405,6.9349736662808645,52.51437100104359,0.00024487314,0.16469269,1496.5576171875,9076.2451171875,0.28633580478158593,1.7057331381435987,-0.4690036419779069,0.5424125827786918,0.02294921875,0.234375,-4.367230654041601e-16,1.0,-16.79155,21.72792,0.0,9.400249,3
0.0007724526,1.0,0.032723784,1.0,0.0,0.8899295545309284,1.5344561e-09,4441.322,-264.85645,175.26492,0.041944094,0.4516994,609.7089098613004,5199.272578291138,1342.9031641968086,4026.1190765093525,6.668135663382664,60.00943842844078,7.4300166e-05,0.21176477,592.1630859375,9280.810546875,0.3243859778132316,2.9551917177389324,-0.5670144099413574,0.6191641725599764,0.01416015625,0.35009765625,-3.3500083063371723e-16,1.0,-22.774113,27.938427,0.0,16.026035,3
0.0019392092,1.0,0.051149923,1.0,0.0,0.7005942898798676,2.1348558e-11,339.8319,-276.01413,196.53891,0.022470586,0.16233294,821.7061152276864,4242.191666845324,1121.8180963688656,3467.1650262143244,5.813261690349883,66.67160865999693,0.00012127775,0.0785706,1625.7568359375,8365.6494140625,0.1911168148476241,1.908148440635636,-0.43133501149714026,0.4383862353861328,0.02685546875,0.31640625,-3.687164944274807e-16,1.0,-18.161856,21.67932,0.0,8.921298,3
0.00049474667,1.0,0.02367904,1.0,0.0,0.7405447872167154,2.5589229e-08,1411.5796,-387.7352,184.56555,0.017328616,0.23778926,763.0806703557605,4028.9128418929886,1221.434353521308,3117.205672559276,4.2479590699675285,53.961587232959374,7.516911e-05,0.08852073,968.994140625,7504.3212890625,0.09259174722216576,1.5853816018431346,-0.5551149072125556,0.40489995945245005,0.02685546875,0.392578125,-2.9927988912373057e-16,1.0,-29.520666,41.962612,0.0,12.819965,3
8.5900196e-05,1.0,0.02708849,1.0,0.0,0.9122880954223045,1.1594848e-11,1315.0297,-552.22943,204.02725,3.7345567e-06,0.25911614,281.9562228567404,6473.537793949727,385.83298475505285,3404.1500458528326,0.9639197025840476,49.61789178421301,1.3982608e-07,0.52745295,247.6318359375,8990.1123046875,7.982690103826594e-05,2.2855683766763155,-0.6091060526669028,0.6606198613413427,0.0068359375,0.50390625,-1.9581561365366968e-16,1.0,-48.950954,66.664055,0.0,12.179588,3
0.0012601155,1.0,0.033991836,1.0,0.0,0.7764397543185659,9.4638375e-07,914.23474,-209.53584,146.33752,0.04589931,0.22973919,1031.6634324185825,5560.309426939514,1589.1090797710103,3641.2306481306723,5.218508712381425,47.61587288496547,0.00033223178,0.2781318,2121.0205078125,9560.7421875,0.4487405908334341,2.905944041035608,-0.47508049383759543,0.5257681638508954,0.0302734375,0.40576171875,-4.082231980993365e-16,1.0,-18.495451,25.03166,0.0,11.322079,3
8.7529545e-05,1.0,0.018707225,1.0,0.0,0.7204472252604129,3.897504e-08,1793.945,-334.06372,180.56526,0.011184465,0.29108778,721.0150011417375,5553.044386520702,1050.2465665140146,3929.282443062658,5.701423253533977,61.189797288339754,5.1960735e-05,0.33407027,968.994140625,9636.1083984375,0.10325220082537177,2.703950305763366,-0.5082820439711216,0.5222330000251527,0.02099609375,0.443359375,-2.6447806170616687e-16,1.0,-28.333986,38.08202,0.0,13.960629,3
0.0032546357,1.0,0.02930322,1.0,0.0,0.7127750787810532,1.8626762e-06,744.93884,-207.22829,138.4293,0.051473815,0.22163464,1339.9023899450954,5245.8132052741275,1770.6673105110606,3471.491494308665,5.260931824665,47.017296667679794,0.001330018,0.28545102,2648.583984375,8828.61328125,0.4344559682973713,2.7119653151850986,-0.47137711942195926,0.48435015790164454,0.033203125,0.443359375,-3.609698089771947e-16,1.0,-19.96126,22.633482,0.0,10.643518,3
0.0013889851,1.0,0.025026798,1.0,0.0,0.7108092532797049,5.4166527e-08,595.27673,-277.71298,178.01685,0.025187062,0.20434405,771.2690846345499,6314.481016341918,1313.739263301768,3752.647778797259,7.2901489746654935,60.02117154319647,0.00023036858,0.18948126,1152.0263671875,9722.2412109375,0.1993185855924931,1.8096273908042342,-0.5178432489726777,0.44639809895306815,0.01708984375,0.55322265625,-2.9958783089447686e-16,1.0,-23.597963,27.555077,0.0,10.274429,3
0.0026824332,1.0,0.046135616,1.0,0.0,0.7191393201570483,1.528696e-08,1842.6138,-301.29144,177.57199,0.021836597,0.31889394,507.2709133057151,5157.787611999235,1200.8180258918908,3751.608383694781,5.605003349214447,50.88299049773318,6.5400156e-05,0.31560382,699.8291015625,9625.341796875,0.19359926115943815,3.5983296130206877,-0.4792675245553259,0.33914230884049124,0.013671875,0.34716796875,-2.9985770611662026e-16,1.0,-21.479,34.521255,0.0,13.329429,3
0.0025861696,1.0,0.02996701,1.0,0.0,0.6911266980068586,4.1283615e-06,4679.658,-213.44682,134.19322,0.046602514,0.54418534,501.49554187152967,6745.065197288088,1388.3779808653399,4025.9504275934437,2.3973828852336405,44.066759396882794,4.863659e-05,0.3088228,484.4970703125,9754.541015625,0.37163615715264037,6.454238052192571,-0.4644272178411487,0.5859520153760085,0.00439453125,0.5517578125,-3.0259695954394485e-16,1.0,-29.41493,19.494072,0.0,16.084337,3
0.0005459619,1.0,0.026181856,1.0,0.0,0.7506606762858135,1.6675803e-11,3326.8901,-413.07315,198.7214,0.010811842,0.41542333,284.6638030297326,6035.821314888711,413.2733985235371,3742.771879488786,4.160837076120343,48.02950520497777,5.1048033e-07,0.22234176,247.6318359375,9108.544921875,0.05104339261725864,3.84457583916839,-0.29147046618163597,0.5409918385750403,0.01025390625,0.4609375,-3.249057628263388e-16,1.0,-48.860905,55.76806,0.0,16.290472,3
0.0013381667,1.0,0.015165804,1.0,0.0,0.8372344972320678,1.5202447e-11,1137.8998,-280.4933,188.08221,0.019156218,0.24645473,831.7731874852782,3617.031803632086,1058.7639477414891,2649.9626074093267,3.8713607805455386,71.15219713561126,2.0236657e-05,0.018205022,1561.1572265625,6481.494140625,0.18873485020225544,2.9926001546117877,-0.5397452758625153,0.5917162831213572,0.0283203125,0.37548828125,-3.672243458809944e-16,1.0,-24.678097,26.382841,0.0,12.1405945,3
0.00026510708,1.0,0.020492375,1.0,0.0,0.7136891969672589,3.5596358e-07,708.566,-337.2117,178.36386,0.020065561,0.2310244,925.4776388796266,5915.70790485472,1363.9662171593873,3578.4760245832813,6.446610861546182,52.51234150524709,0.00022428102,0.28938505,1410.4248046875,9226.9775390625,0.12515144546336382,2.6518457782855704,-0.5236292984336617,0.514654269441962,0.0205078125,0.388671875,-3.498912270545447e-16,1.0,-23.512093,41.76236,0.0,10.511693,3
0.00022564632,1.0,0.027073497,1.0,0.0,0.7223406475169296,2.5903998e-07,448.6493,-376.56604,175.96338,0.0070243333,0.17955093,881.0830200045323,4981.559078571429,1285.9189614070713,3513.6420636345683,4.621026674514786,51.062565164377475,0.00012886248,0.12768145,979.7607421875,9087.01171875,0.10652169042422004,2.5998316380231232,-0.43285251036286393,0.38986854068934906,0.0185546875,0.40771484375,-2.894629599303861e-16,1.0,-27.761873,48.940735,0.0,9.468514,3
0.002485267,1.0,0.016259674,1.0,0.0,0.8374983301389715,1.5284849e-08,962.6847,-344.8973,187.76768,0.019792398,0.2604793,686.8116491867202,6085.389906327649,1130.0014544505398,4068.8472267812454,5.725120943216464,48.04564656967325,0.0002191084,0.1639933,1119.7265625,9765.3076171875,0.12555576295862247,2.568707695528353,-0.5728100389242174,0.39637678302824453,0.0205078125,0.4287109375,-3.066019556773987e-16,1.0,-28.436018,48.12147,0.0,10.964216,3
0.0006451047,1.0,0.028712003,1.0,0.0,0.7794218193598728,9.591207e-08,793.2947,-268.85425,172.05423,0.026802978,0.2659295,865.7864447710274,4100.545755210606,1231.497021847636,3831.611902469342,6.0840489839762615,47.782766193795666,0.00019574337,0.09143561,1550.390625,9205.4443359375,0.21329365684045148,2.5020658388795187,-0.4994736526272457,0.5453678369522093,0.01904296875,0.232421875,-3.249072888549327e-16,1.0,-25.32001,26.897955,0.0,10.600219,3
0.00033601845,1.0,0.022800393,1.0,0.0,0.7082686882873132,4.3629274e-07,3018.962,-248.37036,180.93939,0.039224517,0.37953928,696.2490914486433,4655.090903170727,1084.133737498051,4006.830893783726,4.81599793907581,59.646370832515416,4.250566e-05,0.15729338,968.994140625,9528.4423828125,0.2996356194280888,3.425215283618505,-0.5382138503128394,0.47611510567367066,0.03515625,0.2919921875,-3.7282496911849123e-16,1.0,-24.361332,28.448782,0.0,14.864872,3
0.0006785221,1.0,0.024299325,1.0,0.0,0.7559403392989688,2.3756007e-08,1290.1255,-359.3938,182.23677,0.021130405,0.25446662,512.765063259003,4926.660393124501,1052.5071889887354,3051.054815656958,7.03848893628061,55.444897789271955,6.9684414e-05,0.058996707,645.99609375,7278.22265625,0.14350342589608125,2.3565494017461153,-0.4487141817808157,0.5175475552678107,0.01416015625,0.42138671875,-3.8979508154624384e-16,1.0,-24.499662,37.61834,0.0,11.84387,3
0.001073215,1.0,0.019825557,1.0,0.0,0.7961117505121926,1.4030006e-08,1759.7317,-304.49902,196.4087,0.029839354,0.29027003,876.7720136227365,4436.838239447746,1084.408767433123,3403.989015513017,4.520090231244588,54.86717066658029,8.540181e-05,0.11106136,1259.6923828125,8279.5166015625,0.20787744245711964,2.8706847990995605,-0.43615622569384926,0.564534314908087,0.0166015625,0.27734375,-3.1946685104312706e-16,1.0,-24.491213,33.35697,0.0,13.072988,3
0.0002481565,1.0,0.008556184,1.0,0.0,0.9544052920774194,1.3994743e-08,1016.48157,-485.4526,173.7388,0.005706616,0.2708128,594.7178340758592,3880.318222166578,1261.1968876002434,3192.7945101810838,6.150626611487635,60.8215531473808,7.9592086e-05,0.10854304,872.0947265625,8333.349609375,0.025485178264291506,3.1860870038783413,-0.6939694015309218,0.5726845525264977,0.0107421875,0.234375,-3.9981480281744074e-16,1.0,-27.596334,47.091377,0.0,11.452905,3
0.00031631064,1.0,0.016446652,1.0,0.0,0.8578771468341656,3.5586194e-08,1863.9429,-357.71527,169.06348,0.018794045,0.2741881,605.2680550615689,3740.1172404552553,1233.0184886564361,3278.317247983592,5.200249536080241,50.84834130649752,4.840295e-05,0.09208763,656.7626953125,7472.021484375,0.11389513200048619,1.8314044000468395,-0.6125972745940093,0.5054943952709433,0.0126953125,0.20556640625,-3.267826389428382e-16,1.0,-32.039284,38.604973,0.0,13.385637,3
0.0030474653,1.0,0.03327994,1.0,0.0,0.703833445672611,6.859141e-08,934.2641,-301.11588,178.58182,0.0267735,0.20649226,869.4973713239309,4399.756348711071,1266.4198445366642,3426.0725870753145,4.469619939055004,57.426212829070295,0.00021936954,0.111895196,1948.7548828125,9151.611328125,0.16141061652454888,2.1506523364148986,-0.4491177275776868,0.43296900394428794,0.02490234375,0.533203125,-3.0311029055439094e-16,1.0,-26.303862,30.85637,0.0,11.209759,3
0.0015829682,1.0,0.029200708,1.0,0.0,0.6521111083977437,1.2317178e-11,527.2672,-254.0985,189.43869,0.046040274,0.1643597,944.4383538239498,3551.495470477219,934.7031775276241,3186.5702494987345,4.995551917431816,65.5594716345838,5.579591e-05,0.021387635,1453.4912109375,8096.484375,0.4066455848655248,1.6991385971699005,-0.4288975149393086,0.48243701168112,0.0419921875,0.21923828125,-3.5539569952666615e-16,1.0,-15.759077,14.5693035,0.0,10.311781,3
0.0007912235,1.0,0.0133655155,1.0,0.0,0.8041916186008621,2.895075e-08,2805.1655,-320.70627,180.59596,0.015828257,0.3679734,679.181953432443,5467.419210812225,1162.3284976790555,3384.9418574633605,5.541930777913247,49.70114757282556,0.000104267914,0.15539922,1055.126953125,8344.1162109375,0.12818210072307165,2.021902945329972,-0.571642613757924,0.6201066849753256,0.01416015625,0.427734375,-3.444212060490417e-16,1.0,-22.555046,30.99037,0.0,15.171451,3
0.00162144,1.0,0.0463597,1.0,0.0,0.8143506098910939,8.987095e-06,2825.2822,-212.05737,145.75766,0.03544082,0.42929164,1264.1702180636257,5635.170910445848,1792.1745260838622,3596.5437676828733,4.753426372108409,52.375424863001115,0.0013666758,0.21070127,2767.0166015625,9097.7783203125,0.3222519192949686,5.723759708037346,-0.5022743630247468,0.46190332621335967,0.02587890625,0.40966796875,-2.4789495144562505e-16,1.0,-23.353018,20.578096,0.0,15.130814,3
0.0012380683,1.0,0.014942479,1.0,0.0,0.8428504521719082,8.3089155e-08,460.8714,-335.75238,179.13626,0.011684925,0.14303072,855.9253497127753,5326.150102243724,1188.0265938663065,2906.8467184467663,4.847838899209472,50.774746881507994,0.00014175767,0.08382042,1216.6259765625,7278.22265625,0.09835150256584592,1.3333677856025605,-0.5948268305510288,0.5435680896043776,0.0234375,0.48193359375,-4.3022646443054077e-16,1.0,-13.856768,19.558516,0.0,9.289601,3
0.0012518511,1.0,0.023194816,1.0,0.0,0.8762461889486717,3.01333e-08,469.64227,-294.19922,202.47379,0.031471137,0.21345647,706.4240366251443,3442.4309340713316,1029.1067268459417,3565.9654955552173,5.361743369411034,50.69716627843773,8.8227156e-05,0.030125875,968.994140625,8333.349609375,0.21877856448339708,1.992410049856905,-0.5605126116424805,0.4589451029896734,0.01416015625,0.1025390625,-3.5583510621710235e-16,1.0,-19.555443,23.36062,0.0,10.147421,3
0.0019871911,1.0,0.041080058,1.0,0.0,0.729234723460464,2.8338997e-07,2790.7683,-227.1093,178.27817,0.044357926,0.33650243,815.5883134699194,4055.0107382044007,1282.091135102313,2654.083811948729,5.361739272531943,63.95159893751238,0.00016040906,0.026916374,1291.9921875,6309.228515625,0.3115216577509822,2.5460604770241,-0.4462940283119681,0.4081459638508758,0.02392578125,0.28564453125,-3.163769482764003e-16,1.0,-16.795645,19.384233,0.0,14.687834,3
0.0016572828,1.0,0.033182856,1.0,0.0,0.7797764465498553,1.2173842e-07,989.9983,-243.10356,160.40614,0.02996452,0.21721648,978.4324060211127,4232.374482000538,1319.8088413029977,3217.3642486761096,4.808761086638349,49.36720127593119,0.00019709267,0.12938842,1970.2880859375,8193.3837890625,0.29006577819944274,1.989608831928968,-0.46091707982122937,0.4723857806346354,0.02392578125,0.2685546875,-2.8235451593726006e-16,1.0,-21.893606,24.189976,0.0,11.37408,3
0.0005545174,1.0,0.018261302,1.0,0.0,0.8198101978259793,1.4964046e-07,2120.3335,-331.93057,172.82736,0.012521157,0.42956755,725.8666261492938,4341.621772306822,1248.5599715863498,4020.4629479648556,5.961046691689676,56.940432710891365,0.00016187954,0.116135366,1345.8251953125,9571.5087890625,0.10913120679896934,3.158318402055443,-0.42298696971075844,0.5867834873497482,0.015625,0.31982421875,-3.41541827189879e-16,1.0,-17.090347,50.56737,0.0,14.0595,3
3.495109e-05,1.0,0.018043356,1.0,0.0,0.864270013695625,3.444752e-11,3093.395,-328.10358,219.31602,0.025434075,0.33862466,487.1520785005904,1950.581884973817,544.8902741800605,2144.471402800596,3.722237269450403,59.882036313634714,5.08904e-07,0.00484726,764.4287109375,4769.6044921875,0.15679947485109494,2.0269021907155844,-0.5806877017021179,0.5814407765865323,0.02587890625,0.15576171875,-3.67411938707257e-16,1.0,-23.431175,25.579842,0.0,14.657677,3
0.0009899038,1.0,0.037013084,1.0,0.0,0.7342784548444178,2.7584912e-10,2268.7395,-264.56958,160.8679,0.022917464,0.32200694,999.989787516941,5954.758286347475,1345.1741145049866,3633.988461259972,5.099878082556394,62.70523314262488,3.728433e-05,0.15064533,1787.255859375,9593.0419921875,0.19163026285475074,3.176848903931917,-0.37221458303692306,0.5129268933087585,0.03759765625,0.54931640625,-3.526893946229343e-16,1.0,-22.549307,29.665491,0.0,13.890754,3
0.002003076,1.0,0.05926096,1.0,0.0,0.7496749395579082,4.449236e-08,1073.1439,-335.07507,193.52875,0.044657174,0.2837039,342.5681202333768,4891.036125142168,1008.2712686517299,4202.0744243101435,6.127147021086301,46.169538073521466,2.486182e-05,0.07938435,258.3984375,9388.4765625,0.2399961752741808,2.334265973424629,-0.3389075528830296,0.3970457182138621,0.00732421875,0.19775390625,-3.7090667423032893e-16,1.0,-29.015375,42.451168,0.0,11.853619,3
0.0011317242,1.0,0.015910983,1.0,0.0,0.8163333385656475,4.5684584e-07,4823.046,-169.25397,169.22034,0.080041505,0.5042887,898.9700985367763,4782.589066545069,1298.9571137802243,3694.4739428822927,9.425958484092122,49.26720590659555,0.00022656754,0.040919267,1399.658203125,8817.8466796875,0.6517292175357492,3.9486049430657486,-0.6173291821032765,0.5748556915598555,0.0234375,0.17333984375,-4.2186681897568124e-16,1.0,-15.732435,19.810926,0.0,17.19764,3
0.0027094993,1.0,0.014898015,1.0,0.0,0.824788915878952,1.0668706e-11,2714.2876,-412.41617,183.57797,0.013288264,0.38581422,289.0114715115381,6059.780920924253,405.91809832597465,3707.264243965905,3.50479581341689,46.33188750063214,4.1202642e-07,0.24309595,333.7646484375,9388.4765625,0.06571493175151782,3.6904109569985346,-0.5225425222888593,0.6287043315343555,0.0087890625,0.54345703125,-2.871810333954022e-16,1.0,-43.258694,52.569237,0.0,14.749058,3
0.00096331723,1.0,0.01530286,1.0,0.0,0.8454328982213558,2.1532964e-08,1267.0708,-419.66183,182.73035,0.024257168,0.25389093,563.6720352428019,6194.0080339128,1235.0338468609914,3538.1751243634944,7.469225979187473,54.252616523366555,7.909861e-05,0.24708833,430.6640625,8903.9794921875,0.08174956122891702,2.7325716403827474,-0.6170683875679973,0.5606490017264062,0.00830078125,0.5517578125,-2.423057423066049e-16,1.0,-30.613272,52.929638,0.0,11.931767,3
0.00084528286,1.0,0.010410795,1.0,0.0,0.8975672282304481,4.0939764e-08,2521.1624,-346.49216,213.18526,0.038926546,0.38655236,427.225442253139,4258.823510352322,815.1318904915785,3638.367750656761,5.0613635520023825,78.7388515099381,1.5080828e-05,0.101404674,506.0302734375,8699.4140625,0.19466805043124702,3.7349347544313822,-0.6603811187669638,0.7218505639390649,0.01416015625,0.20166015625,-3.301564955376024e-16,1.0,-23.651068,36.480343,0.0,14.34344,3
0.0016866691,1.0,0.053577084,1.0,0.0,0.7489856710911208,6.9228845e-06,3005.724,-186.06265,145.92169,0.043193333,0.3805401,1057.609687589872,4854.291437112809,1771.4885333426785,4020.825889386186,5.226640726109206,51.37951255296614,0.00042825608,0.22722314,1733.4228515625,9636.1083984375,0.4345047246614433,5.624903299440499,-0.49866643548011824,0.42173503389860495,0.02099609375,0.3447265625,-2.7006383160682244e-16,1.0,-22.239721,25.946203,0.0,15.505697,3
0.00067608396,1.0,0.01569942,1.0,0.0,0.872728085030847,5.3400633e-08,1128.9973,-298.46432,188.30078,0.024878308,0.26206917,839.1556052517294,3971.487733036417,1147.0749077639375,3638.32314918015,6.716679417247159,50.26845325664821,9.753015e-05,0.046473086,1162.79296875,8677.880859375,0.1692727248364259,1.8550046588034677,-0.6848406745120886,0.5694644637405871,0.01806640625,0.2265625,-4.134683728449486e-16,1.0,-17.247568,34.58369,0.0,11.901586,3
0.00082407414,1.0,0.014261205,1.0,0.0,0.9105948340673985,2.0877063e-10,2976.3965,-328.93405,203.62094,0.037967417,0.38266766,487.766982532465,4302.417742599202,927.9250087699936,2885.4622081218645,4.18358556112749,69.03468511164739,1.4903589e-05,0.024448479,678.2958984375,7149.0234375,0.16884589338892442,4.04062956695374,-0.5636630652618074,0.6090580075979232,0.01220703125,0.35693359375,-3.0795411297999085e-16,1.0,-28.13448,51.33005,0.0,15.210047,3
0.0006816004,1.0,0.027641542,1.0,0.0,0.759666164408884,8.754108e-08,2269.097,-246.33159,202.34329,0.039615117,0.3482991,569.843739588384,2792.5519490219476,1066.0809905399965,3192.5347681353323,6.780519324603152,48.189191425977015,7.390525e-05,0.043508247,796.728515625,7515.087890625,0.3493012170001417,1.9271993456425836,-0.4111203681677582,0.4777554273605344,0.01025390625,0.12353515625,-2.8873440590757585e-16,1.0,-15.153494,20.079525,0.0,14.407693,3
0.0011964801,1.0,0.027283637,1.0,0.0,0.8367593345997959,6.2158723e-09,758.9968,-281.3349,202.45044,0.049734958,0.18396205,589.8624733071005,4088.5355117714807,975.3900258070879,2409.0374570331132,4.4561308556838375,59.67559057818471,4.6115074e-05,0.024093134,699.8291015625,5760.1318359375,0.33009847434699185,2.170984399475091,-0.49194848723709617,0.509365491569042,0.0205078125,0.39404296875,-3.023545595294441e-16,1.0,-16.856216,21.98004,0.0,10.641472,3
0.0014211242,1.0,0.014808656,1.0,0.0,0.8258890258962618,2.6468675e-07,4034.548,-293.7256,185.20734,0.033298045,0.60283136,806.658605980145,5224.280472831837,1180.3319101709942,3145.1233348659907,5.767806702144943,52.77696401845388,0.000162059,0.21416375,1119.7265625,8441.015625,0.20561936737848124,4.873435261551199,-0.6111309723928574,0.6058934275060889,0.02099609375,0.3984375,-3.2299192798301272e-16,1.0,-22.983082,49.717464,0.0,16.376179,3
0.0011339672,1.0,0.017685153,1.0,0.0,0.9014297247366692,9.897117e-07,1900.3734,-245.05293,170.10764,0.05622058,0.3438094,769.1710468938543,6051.446029806655,1373.8426207090272,3708.2476924978,3.994626906855383,55.83735940058885,0.00017476865,0.22738992,1130.4931640625,9119.3115234375,0.4190520241686138,3.0883535332712286,-0.543726280331612,0.48035713844001277,0.01123046875,0.32421875,-2.8324260302105813e-16,1.0,-25.244492,22.883028,0.0,13.482791,3
0.0024312146,1.0,0.018737528,1.0,0.0,0.916727281535216,1.56475e-08,800.25543,-299.85794,133.43,0.013860728,0.19577777,1310.6355458622145,5764.2275722531995,1593.4758910271776,2940.0541121450356,8.010801506528601,52.794521342903835,0.0003903068,0.1232479,2540.91796875,7881.15234375,0.15503522226893143,1.992245932060964,-0.4719279185942399,0.6192790912464259,0.01904296875,0.53271484375,-4.263147283783333e-16,1.0,-17.135569,20.656088,0.0,11.06692,3
0.0010104086,1.0,0.028751265,1.0,0.0,0.754658435133083,1.6430711e-06,3095.243,-208.45135,138.12296,0.04958629,0.41362587,1209.024009946,5216.177388332439,1527.813670374102,3733.418857822752,5.806902769088561,49.38011435236639,0.0004932139,0.25213945,2347.119140625,9786.8408203125,0.4329911743352121,4.230269836038349,-0.5572450165362206,0.4427183363586661,0.021484375,0.3193359375,-3.898399537442561e-16,1.0,-27.483162,30.529484,0.0,14.899249,3
0.00029029098,1.0,0.02664798,1.0,0.0,0.8169780832493089,6.848034e-08,1347.6753,-373.39224,195.1761,0.020306531,0.3239117,698.8212726806221,5326.593706266643,992.5974465808117,3550.7259651259233,4.1419898045468635,57.152284992485356,4.9576603e-05,0.14236571,968.994140625,8484.08203125,0.13864282402053385,2.649712203954511,-0.5122530218213801,0.49736773036420323,0.01171875,0.38623046875,-2.9512393011579342e-16,1.0,-30.550985,38.367523,0.0,12.565735,3
0.0014569428,1.0,0.028423918,1.0,0.0,0.9176396915161387,4.1959427e-07,7443.4067,-223.776,187.30469,0.044132087,0.58563125,700.2465899940481,4670.858770680307,1269.2205221179656,3872.295121360328,2.973932840398213,49.29271992617232,0.00012299092,0.23199031,1033.59375,8990.1123046875,0.4549100982558147,4.455147288600207,-0.49096672981977496,0.5701085132227236,0.009765625,0.23388671875,-4.188117122628229e-16,1.0,-21.380966,16.561161,0.0,18.54392,3
0.0016921895,1.0,0.027053861,1.0,0.0,0.8199456513909168,3.0162397e-07,2619.9604,-303.524,160.59357,0.022263274,0.3649358,636.2881746619696,6339.629773548881,1243.802555309951,3614.4503838550845,5.092202447904736,50.717700176425694,0.000121399935,0.25953984,732.12890625,9313.1103515625,0.1670519317190124,3.527492711392696,-0.5443369392305616,0.4017692971974608,0.01171875,0.54052734375,-2.846695222753664e-16,1.0,-24.599167,23.00217,0.0,14.210106,3
0.00015411213,1.0,0.02088229,1.0,0.0,0.8279727721696511,1.1664712e-10,1627.6971,-248.26553,166.61134,0.04810688,0.28380355,1176.9581455243351,4157.831473044713,1129.5482486069288,2732.765116982339,4.370115426434839,51.716469909525536,6.0451125e-06,0.07807339,2045.654296875,6718.359375,0.3335011316181125,3.536833521534414,-0.6318640913814308,0.5814261815098082,0.044921875,0.3037109375,-3.0691303109600113e-16,1.0,-35.278996,25.914831,0.0,13.056861,3
0.004662912,1.0,0.039346915,1.0,0.0,0.792367517512856,4.266474e-08,1130.441,-239.63298,189.75385,0.05310031,0.32907423,901.7723940495887,3937.6346857188373,1135.532446156461,3104.421015525033,5.878944468903972,59.60686100805532,0.00017596097,0.12369641,1507.32421875,7956.5185546875,0.40407648097483573,4.0453774914022445,-0.47483143769204644,0.4589561495970609,0.02734375,0.26416015625,-3.390430972068307e-16,1.0,-26.154362,24.674809,0.0,11.914503,3
0.0007459542,1.0,0.015314637,1.0,0.00013369963430539581,0.7256506704665209,2.5324624e-07,1358.6584,-243.7669,148.93384,0.023648897,0.26906273,1051.072078897399,5175.222882096244,1579.9982807838494,3621.448918642434,4.24912261409931,48.93167229436774,0.00020605573,0.26496238,2142.5537109375,9582.275390625,0.26046553669621936,3.22851546303305,-0.4881456401199105,0.6471307827159759,0.03466796875,0.39111328125,-2.9377735759127697e-16,1.0,-29.358995,29.840454,0.0,12.652368,3
0.0019998853,1.0,0.0388497,1.0,0.0,0.7030243019367682,5.020272e-09,1833.4564,-279.10983,200.64523,0.018696863,0.27122113,673.1918068106946,4640.894615394043,887.9744697924071,3052.197978958695,6.141041894806277,66.2621411739004,4.9367307e-05,0.04742706,1195.0927734375,7611.9873046875,0.17469084263103837,2.15072575385481,-0.42192259617149863,0.45944302464641484,0.015625,0.31591796875,-3.444236942511233e-16,1.0,-17.939007,22.974249,0.0,13.174607,3
0.002341706,1.0,0.037623398,1.0,0.0,0.6781925468788781,3.6509834e-07,1245.0481,-236.72395,153.08925,0.027552849,0.25373012,1089.2446860841367,5137.152890580717,1359.3095773407279,3451.695747793946,3.78538112530563,50.37619308683361,0.0005389127,0.23856728,1754.9560546875,8688.6474609375,0.25800859577130286,3.0440273318787243,-0.520493352785707,0.4451654795557257,0.0341796875,0.4365234375,-3.3100702003780105e-16,1.0,-18.068417,25.668062,0.0,12.265701,3
0.0013727222,1.0,0.031017227,1.0,0.0,0.7306024770149124,2.0741703e-07,991.18976,-268.1563,151.6018,0.024392929,0.226614,1187.1480690892195,5142.0591412749845,1473.123839948843,3372.860926306748,3.585885360454041,62.03555980202651,0.00053188286,0.23381655,1722.65625,8731.7138671875,0.22630068963936587,2.6198964576049493,-0.4938443023711448,0.43112270906567546,0.033203125,0.443359375,-3.90381255031761e-16,1.0,-17.957245,33.10971,0.0,11.609508,3
0.001297723,1.0,0.027582,1.0,0.0,0.8327584792895663,1.5915083e-08,616.0149,-276.01016,176.48566,0.04716111,0.16967121,1052.3447699497315,3624.023551089602,1181.2754636163438,3473.782987739068,4.794637143059736,55.845338230429654,0.00017237547,0.027848702,1851.85546875,8408.7158203125,0.31005964184690454,1.5686765046178865,-0.4884838908910756,0.5326373893767593,0.02734375,0.24658203125,-4.467962860775877e-16,1.0,-11.9429455,22.845419,0.0,9.955702,3
2.6123293e-05,1.0,0.012358746,1.0,0.0,0.8070289100231905,4.7100308e-08,5804.1875,-304.3024,217.9548,0.034548845,0.47677088,547.7370994615868,3580.2981957136217,689.752928411528,3262.0180066394396,5.1462713198417385,45.48196174635074,9.702847e-06,0.04446026,570.6298828125,7515.087890625,0.20040525929075836,3.09848189763953,-0.6093538198620083,0.6098340936005111,0.01220703125,0.1318359375,-3.282831151318698e-16,1.0,-25.667961,39.255577,0.0,18.251656,3
0.0014156763,1.0,0.026918361,1.0,0.005146868318918309,0.686949090814008,6.8478727e-07,719.2372,-266.37836,159.96564,0.032361344,0.21279497,1164.4003212867542,5128.489748272942,1439.0016755176682,3468.915462452561,4.791500132115097,50.982497441584385,0.00053441606,0.20569527,1819.5556640625,8871.6796875,0.1972846248407248,2.8889443951689557,-0.4462975990027192,0.41251419484615254,0.02587890625,0.32568359375,-2.939390144417845e-16,1.0,-24.184958,30.343254,0.0,10.429834,3
0.0012312676,1.0,0.018613424,1.0,0.0,0.7839527079717996,3.370287e-07,1072.4528,-335.62582,164.06406,0.009808204,0.25824353,872.4727047570249,5237.5400461478,1295.7318763384883,3389.027446724156,6.457929912344314,55.82200038055102,0.00012045399,0.18699694,1378.125,8860.9130859375,0.0915180591563135,2.4299626900837175,-0.5171626973897222,0.573885906487703,0.01708984375,0.326171875,-3.410026891182837e-16,1.0,-19.632273,36.895714,0.0,12.270083,3
0.007990129,1.0,0.03225396,1.0,0.0,0.8727318120368502,1.7125002e-06,473.24863,-257.7394,159.0113,0.05033214,0.21184708,756.7195722243165,5745.81684329516,1618.4435152950593,3853.762042994844,5.956918285418713,46.85661466017366,0.00035288205,0.23483376,1012.060546875,9560.7421875,0.3139059539357051,2.9881972967339214,-0.4704220313578851,0.5542286057834027,0.01611328125,0.46142578125,-3.33758122729958e-16,1.0,-21.143003,19.46142,0.0,9.067805,3
0.0048439777,1.0,0.049773663,1.0,0.0,0.7532039346074684,3.2733406e-06,2507.8428,-168.29526,124.316986,0.06098169,0.35403445,1335.952305003332,6269.4197735611215,1805.3917035366292,3839.4330711455273,3.160246640173516,43.48643351730391,0.0011786642,0.25323436,3154.6142578125,9722.2412109375,0.7168737619475064,4.004667383751762,-0.38956806808710154,0.42514974251389476,0.02294921875,0.58056640625,-3.3059041785078913e-16,1.0,-17.969543,18.63103,0.0,14.214864,3
7.8932295e-05,1.0,0.017573096,1.0,0.0,0.9373006150794636,3.4261004e-07,1100.18,-291.9862,141.5227,0.019190209,0.23983383,1252.8589053585076,5962.985683984265,1296.3752838434655,3728.246924954383,3.2368220140482484,46.085991790171526,0.00017969421,0.22981328,2174.853515625,9151.611328125,0.1810623714144529,3.0331229639479242,-0.6085799108512832,0.5452460646629328,0.0390625,0.4609375,-2.892608664988281e-16,1.0,-25.030478,29.374327,0.0,11.898363,3
0.00042167018,1.0,0.026703311,1.0,0.0,0.8801421714697791,5.2978734e-08,4502.1626,-260.0382,172.95535,0.041530717,0.51072997,685.6756704705168,4681.869318749829,953.8276664100141,3549.147590547939,2.5761425715063364,47.322338680609775,2.5351052e-05,0.18323752,904.39453125,8785.546875,0.38261497265899186,6.229904781523351,-0.6304891325814801,0.5124448072165249,0.02392578125,0.2099609375,-3.5371787343643617e-16,1.0,-26.878407,32.437393,0.0,18.515934,3
0.0011933798,1.0,0.031375002,1.0,0.0,0.779005804285092,9.67707e-09,3899.4478,-182.01302,237.61932,0.17128257,0.41509783,615.2423375823358,2745.48161754143,702.0617568735865,2839.305030201196,6.461308998924245,63.15335965067926,1.3191291e-05,0.028280837,947.4609375,6395.361328125,0.9978083296231964,3.3402921136689443,-0.5203581842653946,0.37070532329380484,0.01708984375,0.1220703125,-3.829642281269474e-16,1.0,-23.563334,18.504074,0.0,16.210592,3
0.00056392065,1.0,0.039542995,1.0,0.0,0.7237242087568493,5.3622024e-08,1036.1709,-284.21933,151.4654,0.027219713,0.24502128,958.1508679804375,5269.370009146776,1625.5049635397831,3448.8796599628135,4.926529557197189,54.568197818450024,0.00013069368,0.22350398,2142.5537109375,8753.2470703125,0.21208134625912364,2.59604080819854,-0.3995402920991187,0.29241091758012716,0.017578125,0.3154296875,-2.9862020175648097e-16,1.0,-19.613789,22.24107,0.0,11.486257,3
0.00029498953,1.0,0.019165145,1.0,0.0,0.7484568692973491,1.2099602e-08,2145.3938,-398.61813,175.29651,0.012861602,0.3056764,545.2592812592433,6083.531315522289,1014.9186016692884,3884.8634555601147,2.5450745677093707,54.999009854209504,2.2795986e-05,0.20976412,581.396484375,9765.3076171875,0.09939940527779391,2.7726903455935634,-0.47802862524986317,0.5142613146454095,0.0078125,0.5087890625,-3.150852672391958e-16,1.0,-30.671373,34.1551,0.0,13.835297,3
0.0002459038,1.0,0.076748334,1.0,0.0,0.601307911055792,5.264616e-06,2660.782,-179.8444,140.52351,0.1153704,0.36917093,1125.6446259578208,6138.460772238979,1732.9465275174043,3939.8154411720916,3.162577130796759,51.22990314891854,0.00050295325,0.15643932,2444.0185546875,9345.41015625,0.7007404641901488,4.698822320182465,-0.26680624219512794,0.329785961657762,0.02001953125,0.42333984375,-3.3384186212813903e-16,1.0,-19.225437,19.31511,0.0,14.463037,3
0.004109585,1.0,0.029792713,1.0,0.0,0.8167880477847655,1.9659576e-07,517.9728,-271.83136,156.32388,0.031630173,0.16400154,1091.6386347375033,6043.276638695602,1573.8943397924509,3814.7400620090602,5.332640618037328,61.77029379278572,0.00080451806,0.18118632,2121.0205078125,9463.8427734375,0.2236135438466074,1.8076779524828637,-0.532257378834909,0.5339372955874223,0.01611328125,0.4697265625,-3.7204364608541464e-16,1.0,-22.670702,23.439657,0.0,9.343652,3
0.0012795484,1.0,0.027548391,1.0,0.0,0.8546426486178906,5.5541983e-07,990.93994,-272.21225,135.1757,0.02581353,0.22877783,1077.6255811579874,4212.22168961331,1815.0436866290386,3230.6547515463576,5.2092011012313515,46.638972998915115,0.0003684985,0.12930447,2228.6865234375,8301.0498046875,0.25737271345742413,2.0236638570117487,-0.49113018065691016,0.5016030285633054,0.0224609375,0.30419921875,-3.55313670513291e-16,1.0,-21.433538,25.201035,0.0,11.22003,3
0.0010084384,1.0,0.021301504,1.0,0.0,0.7649709439516008,5.8432306e-07,1766.1187,-266.07697,147.80379,0.03233201,0.32555276,954.6984020228376,6829.334380737496,1705.1807812638456,3838.277286773076,5.542040663699025,44.73995125198983,0.00032815945,0.15450807,1830.322265625,9786.8408203125,0.3045778284849075,2.568957890673857,-0.48785871081054244,0.4450449623431476,0.01953125,0.6533203125,-3.1108290008424215e-16,1.0,-21.344084,25.69583,0.0,12.683625,3
0.0020260678,1.0,0.04694717,1.0,0.0,0.7110145035025498,4.0448325e-11,640.77277,-307.34943,225.04675,0.023778804,0.21387653,636.8691145579095,3499.5605384915143,998.1035850001375,2732.650877035095,3.846398208493894,60.44727767355497,4.251977e-06,0.07577365,936.6943359375,6406.1279296875,0.1865828004929895,1.6602895672990976,-0.3453119583427911,0.3655150327831505,0.02001953125,0.24755859375,-3.8005143777228133e-16,1.0,-25.989109,24.838377,0.0,10.394113,3
0.002361561,1.0,0.028370757,1.0,0.0,0.7608826266246047,4.6208484e-08,2332.8386,-306.06027,189.10518,0.06393631,0.34382305,491.22739802296644,4918.325952077017,954.7333529105194,3590.5882706546677,4.141685962962948,56.914211552539754,2.6594753e-05,0.090515494,678.2958984375,8990.1123046875,0.28279107855075913,3.255609445198461,-0.5078556812987348,0.5873304866254327,0.02392578125,0.25634765625,-3.4963743074121934e-16,1.0,-28.027796,33.606483,0.0,13.785069,3
0.0003209542,1.0,0.0196003,1.0,0.0,0.8048542755665896,4.4549562e-08,1287.0663,-289.54636,202.88748,0.024122987,0.24902515,608.4532510943811,4812.712586859202,982.1451550343934,3638.611648801283,6.843128422002037,46.71071495755312,5.4044907e-05,0.09110075,1012.060546875,9022.412109375,0.19649345161276155,1.8945613105760353,-0.5266595426946883,0.5613991292193531,0.0126953125,0.27880859375,-3.3860688992473006e-16,1.0,-15.888894,27.240828,0.0,12.114,3
0.0008371305,1.0,0.025851306,1.0,0.0,0.8324318238728097,7.2020225e-07,4862.388,-161.26355,167.43712,0.116614066,0.52130276,771.5994589738243,4850.520946821472,1369.3139424698043,3679.9370702089454,5.407985821590412,53.23708724696596,0.00015487365,0.093083374,947.4609375,9054.7119140625,0.8146042355722141,4.491007294739799,-0.5788326724313522,0.557453081011772,0.01611328125,0.2646484375,-2.902810611086929e-16,1.0,-20.52758,22.66079,0.0,16.87081,3
0.0010575558,1.0,0.029312959,1.0,0.0,0.8939603030629031,1.9294223e-10,1583.6384,-314.55807,213.95863,0.018636819,0.41357428,573.5270697883411,3568.7578980271073,901.2708397706427,2472.85204490538,4.340887934628564,55.24854413587764,4.6132595e-06,0.04251578,818.26171875,5458.6669921875,0.1348531858110173,3.7109404006611406,-0.3538092933595184,0.5413897857069967,0.01611328125,0.23095703125,-2.8929771518233485e-16,1.0,-25.823534,27.520874,0.0,12.669563,3
0.010806286,1.0,0.10972489,1.0,0.035435441171286136,0.6126232256979613,1.0654972e-07,637.0411,-160.3576,112.36228,0.1369588,0.19283713,1521.6203276706856,4503.3492889996405,2111.678354454332,3127.0623754137036,9.86776785928727,44.66676932775391,0.0009888196,0.25611642,3100.78125,8559.4482421875,0.7523041360955588,3.8538425398625913,-0.11572232443153863,0.3280177824199197,0.04345703125,0.28857421875,-1.1433396783802177e-16,1.0,-14.36452,24.566784,0.0,10.435652,3
0.015009203,1.0,0.0793351,1.0,0.005841755236396311,0.4808455999512592,4.679191e-09,67.36687,-291.46826,179.32155,0.020875508,0.057142932,938.983855740869,1657.8331597121346,1211.7340379200384,1829.4159458921124,9.293796015160769,43.9007524291487,0.00020396821,0.0060501797,1851.85546875,3273.046875,0.18215225606085597,0.3072592324376596,-0.057534002000948735,0.29107654467225047,0.02734375,0.0869140625,-3.869587132926152e-16,1.0,-7.7534018,5.21162,0.0,5.7017283,3
0.017588334,1.0,0.09548842,1.0,0.0,0.6711276938438029,2.8806e-06,1131.0527,-185.65663,135.71881,0.12922332,0.23619166,1090.8664475065539,1552.255875855285,1823.0944926729287,2244.141409618488,12.371950826930211,39.60476642602876,0.0008697648,0.0029891662,2196.38671875,3197.6806640625,0.7219432091532968,1.5684936146464235,-0.2369710803031927,0.22836062591517278,0.0205078125,0.048828125,-2.980682180718181e-16,1.0,-5.901053,2.297716,0.0,11.891905,3
0.004009684,1.0,0.044570144,1.0,0.0,0.8495431742274663,2.8525582e-08,3079.0298,-316.60547,178.97179,0.020921499,0.35893923,563.4014050339458,6821.276696427816,1357.9972218577252,3813.6754684799002,5.765434105966052,47.66326821336037,0.00012506127,0.25005347,387.59765625,9280.810546875,0.1737415849412842,4.529904648436504,-0.5850901361554864,0.5270674787461753,0.009765625,0.5673828125,-2.1857934302299596e-16,1.0,-27.992598,41.587303,0.0,14.897149,3
0.0015974637,1.0,0.020660592,1.0,0.0,0.7862103305565493,8.366798e-08,1194.4548,-245.6297,184.50238,0.03513918,0.30321985,831.4044336286636,3460.65824464733,1191.0448782668398,2890.898935118375,5.6921991517310255,54.485680425648894,0.00018355071,0.046396907,1248.92578125,6976.7578125,0.2586095965122335,2.595240627000712,-0.5272524431347849,0.46001859754323937,0.0263671875,0.16015625,-3.5934959898212236e-16,1.0,-20.022013,15.769557,0.0,11.893562,3
0.00023495762,1.0,0.016654847,1.0,0.0,0.8342720290197921,1.5407905e-07,5119.6206,-288.09393,171.56781,0.045680393,0.4921131,691.121516193861,3656.5431682565554,1163.4198058586178,3355.1018242663304,5.013146299356694,48.569200443696374,7.022874e-05,0.051881906,882.861328125,8107.2509765625,0.2953299276330386,3.5508352727233414,-0.6626295007228666,0.6472489498555659,0.0166015625,0.29150390625,-2.733449451982646e-16,1.0,-24.185774,36.887836,0.0,17.676695,3
0.0011298178,1.0,0.0166932,1.0,0.0,0.8349165973309726,4.2021418e-07,2389.2334,-241.5193,155.22449,0.050789814,0.33968562,1034.0886545216893,5441.746569175539,1554.891412913903,3530.6466976329775,6.09599514008122,52.81970694344681,0.00046228588,0.14404085,2336.3525390625,9022.412109375,0.32041803725541873,3.081648612308638,-0.5934343971312049,0.6184092648327348,0.02294921875,0.3876953125,-3.745232989296555e-16,1.0,-20.812548,21.77156,0.0,14.326849,3
0.00063155,1.0,0.010060036,1.0,0.0,0.9524176965227966,2.2999362e-08,2095.6382,-360.30975,188.37016,0.018834533,0.32786134,566.3413229086198,4037.028602211335,1076.0747789772552,3541.9971448359847,6.41820439200381,51.65889788675354,4.7728616e-05,0.066165924,818.26171875,8817.8466796875,0.13245603623389057,2.074150243062673,-0.7943922588874602,0.7166129145771264,0.013671875,0.15771484375,-3.8859836473821083e-16,1.0,-14.874363,23.564526,0.0,14.214411,3
0.000782989,1.0,0.03527733,1.0,0.0,0.6795152974955254,3.412102e-09,749.2835,-415.1289,182.08344,0.0075119277,0.18126635,803.7934548253041,3596.543777124107,1144.116811942909,3175.999412407601,5.202399064128833,61.81975010361015,0.00011153131,0.045819744,1335.05859375,8096.484375,0.04784399506157444,1.450461950316563,-0.46075369593060783,0.4207096807658669,0.02294921875,0.265625,-3.1115295124138263e-16,1.0,-21.56716,37.236538,0.0,10.868369,3
0.00056036795,1.0,0.020869374,1.0,0.0,0.9060001262888602,2.377004e-09,4943.9385,-216.3085,199.11307,0.043777633,0.50485146,536.8973839232374,6122.949888157756,1042.3301304804893,3607.6569613013844,3.017561152477569,63.698969572554105,3.704799e-05,0.12890431,624.462890625,8936.279296875,0.3457298219501551,4.500037617744739,-0.6390299743678086,0.5733050797134636,0.00927734375,0.53369140625,-3.0539541418913202e-16,1.0,-23.934296,26.288853,0.0,16.846079,3
0.0020506517,1.0,0.03052083,1.0,0.0,0.8133876964333392,6.817981e-08,1349.0304,-289.49927,203.0676,0.023553265,0.27983743,796.4237872880259,4305.762083375149,1009.3190706020023,3889.858917194361,4.362064939542362,49.4771611663467,9.384127e-05,0.10673104,1335.05859375,9453.076171875,0.17465943187476266,2.717722857094529,-0.47192359715700194,0.4819152951240537,0.02099609375,0.17919921875,-3.021948259343568e-16,1.0,-24.95555,32.912304,0.0,12.563294,3
0.001106318,1.0,0.01916916,1.0,0.0,0.9504180546138922,5.3665775e-07,4067.8196,-268.47766,174.21149,0.03287751,0.44250327,874.0317170619463,3783.140744508273,1343.799204496173,3378.5462973831172,3.81102329309938,45.30313837537007,0.00016510456,0.09944264,1378.125,8322.5830078125,0.26169027752837815,2.9509024754543662,-0.6053795013576748,0.6547379121184346,0.02197265625,0.26513671875,-2.9376598410616697e-16,1.0,-20.733046,31.084887,0.0,16.27632,3
0.0008112994,1.0,0.016221005,1.0,0.0,0.8460403150953207,2.2063515e-08,960.147,-368.52917,216.87822,0.009942318,0.25763598,609.5140739769876,2812.265029806703,874.0406214130036,2971.8488817440125,6.057730182419399,68.7369718520829,3.3389435e-05,0.025567688,839.794921875,6589.16015625,0.07505960596579912,2.0643177108488198,-0.6277375817298894,0.6236434243619436,0.02197265625,0.15869140625,-5.410195468285838e-16,1.0,-22.11011,26.957434,0.0,11.646577,3
0.0006822142,1.0,0.013772122,1.0,0.0,0.8487294757567507,1.619507e-08,933.61346,-369.87128,217.18123,0.00981181,0.25512525,611.2066636171861,3023.0367863602064,870.576480790915,2992.099298534722,6.647882910749312,56.06491837531551,3.3077245e-05,0.031160645,850.5615234375,6664.5263671875,0.07461584267673504,1.9986702949307258,-0.6106656333431605,0.619906323961913,0.02197265625,0.20263671875,-5.493672325693225e-16,1.0,-21.954731,27.17604,0.0,11.605136,3
0.00034879395,1.0,0.016967015,1.0,0.0,0.8515287695277076,1.6786215e-08,704.00854,-410.02914,220.85086,0.00790345,0.20411937,554.3416949476787,3232.2512533454974,804.6366398832552,2217.563668580154,4.646689205556571,67.92668147506888,2.1715652e-05,0.013951645,678.2958984375,4672.705078125,0.05182571262724129,1.5624856770830935,-0.6586653664708141,0.588142955675721,0.01513671875,0.1904296875,-4.088254477891213e-16,1.0,-22.247948,26.421728,0.0,10.679671,3
0.00063053326,1.0,0.016563784,1.0,0.0,0.7869609361744989,2.9595844e-08,1679.2526,-257.20547,210.83435,0.04839441,0.35354972,756.1002796982918,3441.667211729322,974.7806348574193,2922.627082973986,5.811428279162461,50.238720415805915,5.9070157e-05,0.03989731,1119.7265625,6772.1923828125,0.34129425559631815,2.4943564969351133,-0.5489587541669612,0.5894318145105638,0.0234375,0.1787109375,-3.1530611637077165e-16,1.0,-20.009653,22.995155,0.0,12.891765,3
0.0006351086,1.0,0.018735567,1.0,0.0,0.7821671802433483,1.3982431e-07,1596.0643,-366.9857,174.50262,0.016490787,0.33063623,749.190381978967,5817.649742324915,1304.6845225393606,3599.809368434663,4.727394362874798,55.533600704349794,0.00017976259,0.13022913,1076.66015625,9323.876953125,0.12475784613434122,2.86362808519547,-0.537852017208934,0.5520969775901023,0.02880859375,0.3212890625,-3.080032139076382e-16,1.0,-30.415829,36.625908,0.0,12.917589,3
0.00045003046,1.0,0.019295823,1.0,0.0,0.8462104687227233,2.4929886e-08,2017.9362,-279.53876,186.48404,0.024677245,0.3356421,831.7677774978844,6260.5938509019725,1165.4249643630287,3740.383668598426,4.543308738571459,51.61382033310958,0.00015717301,0.1567063,1227.392578125,9517.67578125,0.21485670405577,2.4571244015347085,-0.5420166051312283,0.5344638321548697,0.029296875,0.5205078125,-3.8628287762788467e-16,1.0,-22.927748,18.895294,0.0,13.1070385,3
0.0004314816,1.0,0.021217408,1.0,0.0,0.7639007980314747,3.6857404e-08,2321.5989,-310.14932,178.13367,0.044035148,0.35134006,609.6400033978709,4495.995122025852,1088.3932941331361,3230.882940079853,4.369391341936852,65.33391907748674,7.4358024e-05,0.2065913,904.39453125,8064.1845703125,0.21781417628067923,4.092026788546338,-0.5315270964056256,0.510588658950114,0.01904296875,0.34033203125,-2.68146476571794e-16,1.0,-32.05373,27.50216,0.0,14.446616,3
0.0029945343,1.0,0.03634463,1.0,0.0,0.7420462186445781,4.0043165e-06,1562.2118,-171.08192,148.50952,0.07034798,0.32831964,921.5212928858168,4278.5439861282175,1591.5338525518996,3630.504922545491,4.327668575023694,48.619387034821465,0.0003742551,0.117440335,1733.4228515625,8484.08203125,0.5867588489951859,4.499439262384775,-0.43669962518067396,0.40958349965512697,0.017578125,0.28076171875,-3.1456512365125734e-16,1.0,-17.4339,23.28556,0.0,12.862326,3
0.0010612464,1.0,0.019066215,1.0,0.0,0.8099915329361181,7.723609e-09,925.24506,-302.47293,229.3944,0.038735747,0.22006637,615.1005058553286,2327.360432945968,810.3261332845557,2052.202384406571,4.83922730323869,52.028802193339295,3.3512657e-05,0.003062353,990.52734375,4866.50390625,0.2356116169898796,1.7838373325889292,-0.6496734553948047,0.5176317710429427,0.0166015625,0.1923828125,-3.427323567581125e-16,1.0,-19.400167,21.25281,0.0,11.129116,3
0.0011223025,1.0,0.025522731,1.0,0.0,0.8585387183850159,2.1556511e-07,760.0299,-212.38956,167.20325,0.03668682,0.19403175,1109.6847866587968,3927.400897323422,1248.1165219295694,3311.254913151384,4.310557576537574,51.00153537082635,0.0003050612,0.027687531,1614.990234375,8591.748046875,0.3376951312757262,2.1789639923733186,-0.5454374130137993,0.56642953120172,0.03369140625,0.18017578125,-3.690234835309651e-16,1.0,-17.526312,15.592928,0.0,10.797265,3
0.0007922615,1.0,0.03457318,1.0,0.0,0.8099640968809889,5.056238e-07,1121.1771,-167.67537,170.46829,0.052577864,0.30546242,913.5778432327827,2856.75284938647,1218.3309899460435,2540.247463690474,4.148913486940066,49.15145712084899,0.00032339146,0.046798196,1787.255859375,5501.7333984375,0.49902822474170055,3.0064285903473977,-0.4528861527435909,0.43408042192459084,0.0283203125,0.18408203125,-3.1517338683623477e-16,1.0,-14.700769,13.406625,0.0,11.689613,3
0.0012889766,1.0,0.043973364,1.0,0.0,0.7743132951046493,5.883739e-07,3835.425,-112.31144,159.09784,0.09402482,0.42395228,1137.3668835676312,3205.0010898098585,1467.225427962239,2557.339451756656,5.2094650975840695,50.969137053762815,0.00053446623,0.04472367,2271.7529296875,6438.427734375,1.0334716315147185,4.634687060927942,-0.3964332491159442,0.4514314308762547,0.0341796875,0.25927734375,-4.049102153534326e-16,1.0,-14.98758,17.525839,0.0,16.390251,3
0.0005134641,1.0,0.0379183,1.0,0.00031422221506904993,0.7305146017148247,5.5053967e-08,2072.4329,-307.47562,176.80515,0.033773318,0.3722143,635.5326932676953,6040.071718738418,1296.5985145993068,4056.6952478920084,3.8933325548573023,51.36807404485847,0.00011677304,0.16943216,839.794921875,9722.2412109375,0.23914675120344056,3.8316347953554515,-0.4880706136441195,0.45454867929220166,0.01416015625,0.3115234375,-3.1130898694977263e-16,1.0,-36.740734,40.4107,0.0,14.823652,3
0.0007929474,1.0,0.048221152,1.0,0.0,0.724080315318568,8.4201465e-06,2055.8584,-200.52406,138.21027,0.04222953,0.35590255,1302.7283848896823,5132.6078412362285,1719.949131763486,3800.755578246631,5.724334416912249,53.07189202760273,0.0006829553,0.24732488,2293.2861328125,9496.142578125,0.43644594536429265,5.5154084590244326,-0.37867797352373644,0.41600311920046795,0.02197265625,0.36865234375,-3.612217519276409e-16,1.0,-25.039099,22.54934,0.0,13.636216,3
0.00080446125,1.0,0.027600966,1.0,0.0,0.7967003882153418,9.002935e-08,2230.2698,-274.33157,219.86702,0.03238677,0.40011823,755.2151096395038,5019.709448773277,866.9597472397917,4131.913068868529,5.038449380613982,62.22555674063292,5.6094497e-05,0.065785475,1216.6259765625,9743.7744140625,0.2336326834317389,3.562566842043332,-0.5224106423556806,0.47816420346498445,0.02685546875,0.236328125,-4.10031526703031e-16,1.0,-23.423338,30.599253,0.0,13.698527,3
0.00014781413,1.0,0.023073476,1.0,0.0,0.8805091878359438,3.638929e-08,2520.9182,-339.41626,192.33139,0.049082078,0.3738181,597.0615268226093,7110.613465109371,1080.1779356897077,4141.14343059712,5.198879723215047,47.33795143493424,5.061254e-05,0.10214591,818.26171875,9905.2734375,0.2252233826374104,3.661781775771782,-0.5228778887540106,0.38203980959951805,0.01171875,0.57568359375,-2.2862750673341124e-16,1.0,-23.979141,35.27444,0.0,14.392589,3
0.0013616739,1.0,0.018807944,1.0,0.0,0.8037829610538306,2.008632e-07,695.68494,-314.0292,161.78091,0.016600884,0.20233245,1063.9149481628374,6734.832465191563,1429.072958456882,3416.185702151599,2.3793213379672498,48.816470246163014,0.00023486164,0.2153866,1281.2255859375,9399.2431640625,0.11774654484927156,2.6623493456643454,-0.6058575380593543,0.5909567438066002,0.0244140625,0.52294921875,-3.4500067686645177e-16,1.0,-21.703074,24.992468,0.0,10.356559,3
0.0006329026,1.0,0.016657272,1.0,0.0,0.8157457455160214,1.2193975e-07,844.1541,-341.43994,171.84108,0.017436624,0.20648196,796.908922023307,6393.811674491385,1245.64087941741,3426.3600318224403,5.210227566086195,72.5163128988761,0.00012930059,0.261838,1227.392578125,9216.2109375,0.12420944929140665,2.141858554044326,-0.5720986519008878,0.6437238308063225,0.03125,0.5625,-3.289689668264634e-16,1.0,-27.092892,31.481918,0.0,10.723018,3
0.0015941856,1.0,0.012533277,1.0,0.0,0.9416837800003928,7.604101e-08,948.561,-258.71716,192.6112,0.020117743,0.25702235,835.2558731014884,3765.7025841584664,1006.478859239468,3432.5160220473654,2.7878429063378904,56.035713296513826,9.433759e-05,0.07420944,1141.259765625,8397.94921875,0.19615317006876876,1.861614913650554,-0.5918691921979192,0.6607499849051236,0.0234375,0.1689453125,-3.774921504859158e-16,1.0,-16.499624,22.721224,0.0,11.709258,3
0.002018162,1.0,0.027436156,1.0,0.0,0.8142044695039233,3.5781866e-08,261.8611,-308.7705,158.2677,0.014274132,0.12612092,904.5340465563612,5455.3740088258,1532.3526096408248,3739.7509565185615,4.508115212877045,60.998050791192554,0.0002394348,0.21284547,1701.123046875,9291.5771484375,0.13446381247909014,1.9469683852890451,-0.459834340959788,0.43461225791424835,0.02001953125,0.30224609375,-2.566708769914023e-16,1.0,-23.586012,21.124592,0.0,8.094919,3
0.00042602094,1.0,0.013540066,1.0,0.0,0.888399874565033,1.3072492e-11,469.83597,-437.43903,179.35458,0.010095041,0.15765506,746.8909279229945,4792.440576078567,1049.8266999525742,3096.6595621044753,7.501421848737712,68.57242304596895,1.0740972e-05,0.07532669,936.6943359375,7493.5546875,0.06467517652462691,1.6219552285533643,-0.6521426953921429,0.6328580286353824,0.02685546875,0.3662109375,-3.152826099332293e-16,1.0,-24.124891,40.882755,0.0,9.562163,3
0.00062500004,1.0,0.018338796,1.0,0.0,0.9020944385076566,4.5908938e-10,1345.8606,-277.39096,213.44026,0.049463283,0.22519754,576.2201387477468,3007.737599784636,850.917629158866,2748.5624888048737,5.230532575601123,56.82650939231779,2.1822052e-05,0.016484154,850.5615234375,6546.09375,0.28970238491131267,1.6608710177090287,-0.6504665706306699,0.6274254845169133,0.01513671875,0.140625,-4.3763158709306007e-16,1.0,-12.814059,26.502117,0.0,12.541,3
0.00015464245,1.0,0.009840808,1.0,0.0,0.8741699394222109,3.6125616e-08,623.6435,-358.29822,184.00922,0.012791135,0.17080194,732.8892328159699,4701.332312742732,1151.4812681508795,3075.3718818485977,7.111200659929557,50.271540407756504,3.8928967e-05,0.057239886,699.8291015625,7805.7861328125,0.09100344691122186,1.1599814810997415,-0.6883026342839005,0.6639605639502405,0.025390625,0.4140625,-3.663711146172541e-16,1.0,-14.277023,25.059464,0.0,10.140158,3
0.00032772124,1.0,0.009269518,1.0,0.0,0.8502677761117367,3.2039992e-07,3393.7395,-259.8599,180.64658,0.028519217,0.42579195,841.0505814593303,4336.147023711899,1125.0388462881026,2752.5425369506074,5.724399411593376,54.759636946862685,4.267869e-05,0.03913153,936.6943359375,6546.09375,0.2283241868237382,2.564926095278703,-0.61373791564256,0.6392244575545191,0.01611328125,0.31298828125,-4.518883666625563e-16,1.0,-17.617352,20.818172,0.0,15.434417,3
0.0006674105,1.0,0.017195392,1.0,0.0,0.8576215448102134,4.7639173e-07,2416.429,-277.46402,194.28587,0.028008379,0.3592001,530.9990226787413,6144.919565411802,945.1854801571958,3830.349516291978,6.10639267628349,52.42124512346142,2.5917005e-05,0.22577949,602.9296875,9410.009765625,0.24627549405654073,3.180437732937761,-0.5877457857131959,0.5822506323456763,0.0224609375,0.49169921875,-3.48506668450231e-16,1.0,-22.43638,30.86602,0.0,14.672282,3
0.0009777176,1.0,0.016442204,1.0,0.0,0.8976124870307184,1.348121e-07,1335.9973,-261.83084,200.61496,0.026633214,0.25308883,760.3807238470943,4897.35052906175,1057.991622563967,3512.533549530282,5.562506197620823,77.03294037511988,0.00015905382,0.10806894,1119.7265625,8559.4482421875,0.23866912313219357,1.8625575559162886,-0.5779199716427701,0.6780610680580138,0.02197265625,0.33642578125,-3.46501911498584e-16,1.0,-13.788272,19.689123,0.0,12.918232,3
0.0027599512,1.0,0.023257997,1.0,0.0,0.8392521209916043,1.102504e-06,2782.204,-232.45172,165.3227,0.039230306,0.36887503,801.7297892325598,5269.957064415159,1397.9357428077112,3616.887335554421,6.646062872148631,68.53623685540397,0.00020523128,0.19207308,1238.1591796875,8947.0458984375,0.40362181431828215,4.838035436550199,-0.530482709839844,0.531280847761436,0.0087890625,0.4013671875,-3.2191879669016267e-16,1.0,-28.112564,31.004456,0.0,14.71686,3
0.000825621,1.0,0.009231689,1.0,0.0,0.8645345292339761,1.064769e-09,1382.8885,-382.602,199.49037,0.04251065,0.28926873,520.9874454536075,6756.93150776677,754.916321039702,3703.892857716738,7.087928912050761,53.56207678902609,7.599537e-06,0.13837902,742.8955078125,9302.34375,0.168255425934793,3.4652081853046823,-0.7345279640442638,0.6436839364469049,0.01171875,0.625,-2.6732024108321856e-16,1.0,-21.738455,45.07399,0.0,12.428009,3
0.00071328244,1.0,0.031823166,1.0,0.0,0.8284938463461802,5.956504e-11,2550.7078,-284.1097,208.86423,0.035081945,0.3435978,503.61834968958476,4322.957269861389,862.2565824668155,3341.1228861251843,2.6696383859870165,64.42476232649963,1.0811399e-06,0.022016415,807.4951171875,7999.5849609375,0.2602694784680615,2.5245782227761593,-0.38091885671019576,0.4720820579677817,0.017578125,0.2119140625,-4.015364121464688e-16,1.0,-18.976257,30.563217,0.0,14.440847,3
0.0045430143,1.0,0.03287234,1.0,0.0,0.7938227719222715,9.5292e-10,911.6232,-330.3731,196.42793,0.018660236,0.22681719,916.2706504624767,2682.9128035505837,979.4820932816928,2292.566164931117,5.453117921078491,54.88385789963619,6.003397e-05,0.008937518,1378.125,5297.16796875,0.1306199849454669,2.4205809567931533,-0.3105666736012785,0.45083618350326965,0.01123046875,0.1728515625,-3.1316790330682835e-16,1.0,-21.932438,18.052565,0.0,11.353748,3
0.0,1.0,0.03504374,1.0,0.0,0.7299805572286134,0.0,976.78375,-566.83954,215.26697,0.0,0.27165514,0.0,6101.997051996192,0.0,3425.4586861798934,2.04040664957936,48.04691656053289,9.218435e-07,1.0000007,0.0,9593.0419921875,-0.0,2.9702274294739306,-0.3263641484081746,0.3768717752097849,0.0,0.55322265625,-2.383813489822456e-16,1.0,-38.680656,71.5795,0.0,11.603467,3
0.001068259,1.0,0.017942483,1.0,0.0,0.9113805166484723,1.0976304e-07,3237.8713,-302.4612,211.27393,0.054451358,0.41117418,602.9711023949927,4532.3633331931005,1014.616886942005,3818.151377459543,6.433708239434717,42.7377404045151,8.5308806e-05,0.08184132,742.8955078125,8688.6474609375,0.26218264512643913,3.0271662246140805,-0.6798354017926629,0.548661703173308,0.01318359375,0.2392578125,-2.3944395660070077e-16,1.0,-24.094072,37.530785,0.0,15.38986,3
0.0010501626,1.0,0.017035086,1.0,0.0,0.8258113868906888,5.2331703e-08,2856.7534,-284.09512,200.94104,0.037845995,0.34245458,585.3209750640465,5929.317258492137,941.1136846042693,3921.96669734292,6.6853573402846935,44.25174670343311,7.525524e-05,0.18585415,785.9619140625,9130.078125,0.2694705293525564,2.9527116324896796,-0.5444206202657699,0.5109850173473738,0.01904296875,0.4765625,-3.0510373958916926e-16,1.0,-25.65434,22.437075,0.0,14.781935,3
0.0008306364,1.0,0.012858203,1.0,0.0,0.8844212530575276,2.2924963e-08,1695.1332,-328.30902,203.51813,0.024977623,0.27887717,594.4328468645487,5130.040782254135,945.7498865416566,3827.115337128168,6.8941968236145925,47.47521148476887,5.170906e-05,0.15424426,742.8955078125,9323.876953125,0.17355185080794874,2.4199826759043157,-0.6332550682127478,0.5942306779325007,0.02392578125,0.3603515625,-3.141284199288038e-16,1.0,-25.737978,26.511333,0.0,12.568026,3
0.0015577651,1.0,0.033228133,1.0,0.0,0.842102808083486,8.659924e-09,1625.8759,-332.23486,185.23471,0.028263038,0.33351907,328.65847832705106,5986.798008638256,821.4278487368987,3798.661752370338,5.2368990636357315,51.41543810910534,1.7537517e-05,0.14495322,419.8974609375,9280.810546875,0.2729733190797099,3.158318604335596,-0.4570725969970231,0.46261275275561853,0.00927734375,0.45263671875,-2.909445204275547e-16,1.0,-29.098179,31.01517,0.0,12.821324,3
0.0011726122,1.0,0.021919567,1.0,0.0,0.7430473583023307,3.0785255e-10,819.21594,-338.16348,211.06372,0.020225724,0.21862711,616.9438694623782,2918.8317014751965,853.621675749376,2732.066736483359,4.485655675196204,53.25961713733602,3.0905187e-05,0.028354922,1087.4267578125,6718.359375,0.14700104076952153,2.977025008444496,-0.5015690997242934,0.4750702548772094,0.0263671875,0.15234375,-2.9497805934261195e-16,1.0,-26.663803,27.372782,0.0,10.444343,3
0.0004929092,1.0,0.016384408,1.0,0.0,0.8102281121051778,1.38767104e-08,1418.7788,-344.2204,214.02731,0.016220707,0.27498573,691.4601598025574,4200.631526953867,780.6176519890064,3569.408918320092,1.6291593414882675,50.616753401541374,5.9913433e-05,0.12428855,1055.126953125,8699.4140625,0.1196539534613961,2.802464590546608,-0.6013084385475527,0.5929330382496116,0.0322265625,0.2607421875,-3.7242984302541814e-16,1.0,-26.306879,27.129227,0.0,12.730629,3
0.0001541379,1.0,0.0069847703,1.0,0.0,0.8979962195563712,1.4081474e-08,1159.4064,-362.20764,212.85526,0.021998705,0.25217605,713.1722044441672,4786.878893295505,800.7149689742547,3657.397393364366,4.662586608323774,54.916202815061624,3.9553706e-05,0.09211723,1065.8935546875,8850.146484375,0.13983504973153368,3.090340357075989,-0.7341772420331838,0.6776178833726207,0.03466796875,0.2841796875,-4.4390713566263953e-16,1.0,-25.12701,29.740526,0.0,12.257687,3
0.0005727436,1.0,0.014650352,1.0,0.0,0.8050998759512051,4.073523e-08,2170.095,-347.83414,192.79549,0.022608662,0.32225218,889.9115571270283,4374.390665280198,1069.6660037635338,2961.232164631277,4.574415560112752,56.128149165379575,8.2256935e-05,0.08045677,1281.2255859375,6912.158203125,0.12485425468410356,2.8619327437357525,-0.415299262279569,0.5949183013290166,0.03173828125,0.36328125,-3.1940511664421227e-16,1.0,-27.348385,30.852373,0.0,13.710563,3
0.0033873569,1.0,0.038540784,1.0,0.0,0.7844018867824801,7.161547e-07,825.10315,-213.40695,122.563354,0.028108481,0.2703141,1531.5024902163366,5133.19441014457,1889.8252703190633,3194.3021753109024,5.403996151508827,44.912080857982076,0.0015012397,0.17745715,3477.6123046875,8279.5166015625,0.3248477140376806,3.558455277070054,-0.3754343092441562,0.4350537447325716,0.037109375,0.447265625,-5.665144431674735e-16,1.0,-18.04025,19.710793,0.0,10.676944,3
0.00047131316,1.0,0.018926842,1.0,0.0,0.868654891097384,1.2616245e-08,318.0267,-249.97849,149.66382,0.04226667,0.14494547,1395.7950483005532,3458.25788156428,1280.4762851037246,2965.5581712953476,6.310563252587699,52.57236733280763,0.00023317891,0.05336945,2487.0849609375,7472.021484375,0.3011878688802292,2.389861003381686,-0.5702602717301571,0.5536928102374075,0.05712890625,0.251953125,-3.1715827610140866e-16,1.0,-18.739016,16.145428,0.0,8.405845,3
0.0004550771,1.0,0.014557701,1.0,0.0,0.9464223246079609,7.5461216e-08,2585.3352,-327.34424,232.12885,0.03236318,0.4368649,512.0201504305552,1714.0632356478882,733.5033636303633,2102.4264028216453,7.7668875007887115,50.03762928835462,1.1141464e-05,0.0023723254,645.99609375,3725.244140625,0.18456185724594767,2.0987877560153887,-0.5983012560755017,0.6513291071372331,0.015625,0.1005859375,-5.195475396416523e-16,1.0,-12.502229,13.885718,0.0,14.3819475,3
0.0004335299,1.0,0.019663969,1.0,0.0,0.875287834875745,2.9752173e-11,1316.4307,-329.42694,234.05049,0.01925097,0.25646064,451.2218463171946,3442.3760221261264,618.8338264156373,3566.3866490317255,4.472999010557024,57.855706049652746,4.0320306e-06,0.030486014,861.328125,8397.94921875,0.12533551130748902,1.9312438933626046,-0.6289365682750944,0.6023746747523546,0.0107421875,0.14697265625,-2.159094484649869e-16,1.0,-27.54581,30.941298,0.0,12.861114,3
0.0013785223,1.0,0.023151044,1.0,0.0,0.7814768144523374,7.465818e-08,3318.291,-287.73712,195.07217,0.0776565,0.42443436,650.2389946079481,3202.2618052822945,788.2227031770192,3045.315165856993,6.593125371943227,53.15589562767475,2.7508471e-05,0.06016527,893.6279296875,6987.5244140625,0.4072929086072052,3.9075598535550435,-0.6010680878534918,0.4474497735500334,0.0302734375,0.23828125,-3.2440926086128787e-16,1.0,-20.900827,20.010593,0.0,15.390632,3
0.0010333234,1.0,0.029722894,1.0,0.0,0.7723074179122099,9.6996644e-08,737.89355,-347.8522,206.69302,0.030733565,0.2445291,810.9913796031974,5903.89528640683,1029.784855969313,4158.472896225743,6.411900644277769,60.38815311967299,0.00011939303,0.111390404,1173.5595703125,10034.47265625,0.15779249147422406,1.8887732346940536,-0.5220326501876119,0.512018976733088,0.0302734375,0.333984375,-3.880938414736666e-16,1.0,-22.423273,24.847164,0.0,11.441709,3
0.0003506591,1.0,0.016868297,1.0,0.0,0.9420093158306438,5.0715963e-11,1314.2244,-282.25098,201.26654,0.027136955,0.2394109,590.8620893550163,3860.9629364003104,895.4134985241714,2269.860646373566,3.835830605313756,55.96157481398122,1.3011298e-05,0.05387912,656.7626953125,5943.1640625,0.19751524105425244,1.4578898737318529,-0.6190174799412492,0.6133408598876388,0.015625,0.32177734375,-3.970092313561888e-16,1.0,-20.530186,21.415783,0.0,12.176485,3
0.0019910573,1.0,0.025707863,1.0,0.0,0.8390451789963507,1.6372983e-08,611.00836,-248.34851,173.08289,0.027553286,0.2061755,1075.6437683717202,5858.744121288977,1176.8882231361151,3127.178428359211,5.56772389418486,53.45758244790945,0.0002600127,0.21550211,1464.2578125,8710.1806640625,0.25126866724375035,2.3793991133863686,-0.5260869543999438,0.5332310785965684,0.03173828125,0.5478515625,-3.766458173205732e-16,1.0,-18.442627,20.016441,0.0,10.527201,3
0.0015059266,1.0,0.011784181,1.0,0.0,0.8855559386681122,2.0683068e-08,1467.1415,-284.18835,178.61371,0.050429847,0.275615,547.6780526067305,5383.311499529387,1117.026904050238,3544.6769914259944,5.657042270624312,51.34260515145235,2.6403939e-05,0.09655581,925.927734375,8602.5146484375,0.30078461770642506,3.4588380093635163,-0.6326503144423177,0.6766371466219424,0.0087890625,0.25146484375,-3.0863388091481023e-16,1.0,-28.691715,33.71724,0.0,12.245066,3
0.005174188,1.0,0.043148134,1.0,0.0,0.8064263405498894,9.9962046e-11,766.87476,-450.49036,208.99768,0.0019294403,0.24555267,243.40870844633199,5551.492883410065,512.5369272299731,3454.4842410794563,4.105451087101519,44.79594903988904,2.4575422e-06,0.20923969,269.1650390625,9237.744140625,0.020103103842557632,3.594386497390251,-0.22806296683847913,0.4014831967651842,0.01025390625,0.42138671875,-3.606622520711184e-16,1.0,-29.177223,58.49109,0.0,10.5065365,3
0.004360954,1.0,0.041817352,1.0,0.0,0.6991716443251571,2.8402319e-08,1292.8566,-242.87256,178.15161,0.029729826,0.2253471,802.9728272430158,4774.567775506297,1223.5700053486344,3294.084644034145,5.62435551177631,54.74313434458371,0.00010066051,0.13985577,1539.6240234375,9097.7783203125,0.28059293637028043,1.8053981922836484,-0.4219833165407185,0.36645522154867605,0.01708984375,0.3134765625,-3.7850461544618426e-16,1.0,-21.038816,18.763811,0.0,11.844887,3
0.0012705247,1.0,0.03932336,1.0,0.0,0.6595061230985552,1.597184e-09,369.87363,-322.93408,216.01804,0.019896496,0.15210408,749.5975986432096,2662.801578357529,1004.6039314411405,1667.1816688136926,6.498136798180969,49.35672841537116,3.926175e-05,0.0023934601,1356.591796875,4263.57421875,0.1629261433039293,1.4913384383653585,-0.4092823769897226,0.46555653948898035,0.03271484375,0.2265625,-3.739354448527531e-16,1.0,-14.413137,22.281624,0.0,9.037218,3
0.00020408242,1.0,0.013177118,1.0,0.0,0.8775907298372587,5.4960774e-09,586.23645,-428.00632,208.01553,0.0068348856,0.16824488,458.9488032115262,5243.611847599937,883.4513751465438,3356.8100959411786,3.9203968972152143,66.64952390175098,2.4344825e-05,0.10359829,484.4970703125,8365.6494140625,0.04813044885595304,1.417266735658402,-0.6430186033248906,0.5676744701340792,0.01123046875,0.3583984375,-3.907203612385951e-16,1.0,-24.61523,43.34264,0.0,10.113768,3
0.0010903144,1.0,0.033377167,1.0,0.0,0.7307002682279328,2.5713692e-10,682.976,-292.67722,162.39905,0.014202847,0.21851315,994.097882565115,4424.243430807075,1285.517510308593,2849.336263040545,4.64286547363184,63.648707969413245,2.7604428e-05,0.16640362,2153.3203125,7428.955078125,0.14394846539594477,2.3980707216491113,-0.4217807576060299,0.479066506028175,0.02197265625,0.34716796875,-3.619831149426527e-16,1.0,-21.652946,26.884312,0.0,10.191184,3
0.002587396,1.0,0.025877202,1.0,0.0,0.8838076010912514,1.0173986e-08,474.6779,-293.37347,185.34154,0.021458212,0.20137607,874.746134051494,5109.898924162603,1092.1302305062134,3530.711629580981,7.071510459021069,50.027517873411384,0.00018187561,0.15613127,1765.72265625,8527.1484375,0.17248068802540367,1.5242874811602878,-0.611674375832081,0.6059668471493008,0.0322265625,0.38818359375,-2.7548784756873045e-16,1.0,-17.244532,23.48888,0.0,9.774493,3
0.00058663596,1.0,0.0452437,1.0,0.0,0.8025425959630912,2.759977e-11,1305.4213,-255.7976,167.60033,0.039810475,0.24417259,1025.5035638058043,2933.5828069066984,1257.300307860936,2790.8399032169073,4.053986381611994,61.725379403035184,6.0974067e-05,0.039192192,1571.923828125,6642.9931640625,0.23785408265005584,1.5360240235356246,-0.37302967292226846,0.4472595714032647,0.0390625,0.12841796875,-3.4464236073908194e-16,1.0,-13.246628,21.18074,0.0,12.949117,3
0.0012347123,1.0,0.024868498,1.0,0.0,0.7765483812690839,1.481317e-06,2652.0461,-248.02094,151.28137,0.0547043,0.41157576,871.6719062903553,4876.634670978362,1559.9326570578162,3788.0118040626535,4.782448994775789,74.55915243790014,0.00017061541,0.154566,1367.3583984375,9140.8447265625,0.3499261176710302,4.029091296028799,-0.5088654272258286,0.5038779806345698,0.0107421875,0.30322265625,-3.229619602113178e-16,1.0,-23.64268,23.994184,0.0,14.267972,3
0.0003557359,1.0,0.010325999,1.0,0.0,0.9171601266300123,8.400385e-10,3114.72,-281.3299,198.0052,0.019076563,0.37181917,771.3517831741202,3421.3115322816716,906.2117037144612,2528.81693291051,3.7735131683092447,57.53219257881693,9.760493e-06,0.03259046,1259.6923828125,5986.23046875,0.15351890836323587,2.722321021916197,-0.6359234955161814,0.7028514090864088,0.0263671875,0.20556640625,-2.7488120559312807e-16,1.0,-13.887281,27.118752,0.0,14.866687,3
0.00047972088,1.0,0.017064454,1.0,0.0,0.7637275819870898,1.345299e-11,3241.7634,-428.7895,207.67737,0.006694998,0.34579918,303.73328966491715,6018.1851465177315,424.7533651745768,3796.184388575689,4.7794605859834505,51.641314403289044,4.583359e-07,0.30606937,387.59765625,9496.142578125,0.03281929848825811,5.051633325611445,-0.5071347374469048,0.5297667134865194,0.00927734375,0.48095703125,-3.7146297717974296e-16,1.0,-47.63754,50.412865,0.0,15.3437395,3
0.00028736517,1.0,0.014587441,1.0,0.0,0.7981742132840335,3.8820573e-09,356.0365,-382.27432,162.17957,0.009381758,0.12195259,608.1562384749251,5974.003923386809,1229.7723957569658,3463.9618349432653,2.383342099434857,60.5129450813189,3.0482151e-05,0.11651154,925.927734375,8796.3134765625,0.06437080966672241,0.9360298394132613,-0.5408886419609193,0.43409455471024105,0.01513671875,0.28369140625,-2.5620070347280096e-16,1.0,-24.195229,28.80868,0.0,8.704663,3
0.0013814953,1.0,0.05427828,1.0,0.0,0.7170545288218929,4.7342673e-06,2192.0005,-142.47299,154.51065,0.089398585,0.3906345,1135.5803376764184,5698.779318287768,1747.7773752413268,3638.3214052433514,3.413097147207062,45.35607749613274,0.0007462702,0.2231673,2250.2197265625,9248.5107421875,1.0322004347309919,5.2276148713238095,-0.3418241590261464,0.4188328012824056,0.0185546875,0.4072265625,-2.9889230813681816e-16,1.0,-18.5274,21.728237,0.0,14.516512,3
0.0016070771,1.0,0.09942993,1.0,6.71109484052947e-05,0.6202433962797255,1.0934098e-07,2383.8174,-162.10495,147.03198,0.07570683,0.3961822,1155.21980562667,5950.56721249264,1703.7114818953535,3600.222373544195,3.431687788643467,52.153935582313444,0.00048496557,0.21913217,2260.986328125,9054.7119140625,0.6952680947979916,5.202417901452719,-0.3229763396084314,0.2702825759721905,0.02490234375,0.47802734375,-3.3543557401423087e-16,1.0,-20.02151,24.10605,0.0,14.208578,3
0.0014712169,1.0,0.023440631,1.0,0.0,0.7067005982995882,1.4756962e-08,1688.8492,-495.45398,161.64757,0.0026160926,0.29580662,908.1386537476802,6379.604140599238,790.3890969524446,3733.4422486267317,3.5532380050038306,53.23970289773349,8.259697e-05,0.22804032,1711.8896484375,9657.6416015625,0.020159172055612472,4.23904131697042,-0.3982738070189958,0.38977753161075257,0.01904296875,0.611328125,-2.9502351842289894e-16,1.0,-23.472404,40.444355,0.0,13.613257,3
0.00032329565,1.0,0.015643204,1.0,0.0,0.8009023908512503,2.7548924e-07,1575.57,-282.64807,185.94534,0.032047514,0.28629863,865.3931580265012,6286.412418858263,1276.2904989312922,4120.4127333685765,6.787276989803265,54.3755555295581,0.00012325606,0.24005531,1518.0908203125,9948.33984375,0.2569854613433078,2.6863079677410022,-0.4857427719980482,0.5836414704099293,0.0244140625,0.5166015625,-3.2563078367985265e-16,1.0,-26.22922,26.292677,0.0,12.439926,3
0.0020536033,1.0,0.03504121,1.0,0.0,0.6614086305064559,1.9665302e-07,948.4209,-214.74371,143.3888,0.05637924,0.32055947,1382.859004021364,4712.045468985821,1592.4722751796626,3342.735483243231,5.438084254062773,56.85097618762788,0.00028870022,0.27398643,2906.982421875,8484.08203125,0.4245773706486334,4.634678827994898,-0.321761188298189,0.3646042160689828,0.025390625,0.2841796875,-4.2028563835470024e-16,1.0,-28.619955,30.434618,0.0,11.40654,3
0.00011920716,1.0,0.026377983,1.0,0.0,0.8105120276902456,1.6134886e-07,1197.909,-272.08325,143.00131,0.023249878,0.26218492,1254.3274712364855,4385.958562923214,1197.7175931748823,3163.318022498223,4.899048554155764,56.31548521482879,0.000105460684,0.18041426,1281.2255859375,7934.9853515625,0.1902205767957798,2.352628621998718,-0.574747696361877,0.5907378364354369,0.02734375,0.23974609375,-3.205714964443097e-16,1.0,-18.55889,26.29444,0.0,12.506283,3
