chroma_stft_min,chroma_stft_max,chroma_cqt_min,chroma_cqt_max,chroma_cens_min,chroma_cens_max,melspectogram_min,melspectogram_max,mfcc_min,mfcc_max,rms_min,rms_max,spectral_centroid_min,spectral_centroid_max,spectral_bandwidth_min,spectral_bandwidth_max,spectral_contrast_min,spectral_contrast_max,spectral_flatness_min,spectral_flatness_max,spectral_rolloff_min,spectral_rolloff_max,poly_features_min,poly_features_max,tonnetz_min,tonnetz_max,zero_crossing_rate_min,zero_crossing_rate_max,tempogram_min,tempogram_max,mfcc_min,mfcc_max,mel_to_stft_min,mel_to_stft_max0.00057490973,1.0,0.043545343,1.0,0.005965855659944491,0.692197331265538,1.9542867e-10,2618.7512,-283.9209,263.15417,0.043835822,0.3594632,635.44501005573,1217.1842923907047,407.96323500653887,1143.8073725220547,4.909980031707825,43.381265789148316,3.6410202e-07,0.00040775017,1141.259765625,1841.0888671875,0.2660816049506772,2.3903419069429583,-0.42719442024827053,0.44284786470234366,0.03466796875,0.1298828125,-3.6971513949638327e-16,1.0,-9.743111,12.745021,0.0,14.902898
5.9970662e-05,1.0,0.006064786,1.0,0.0,0.7999590625940209,7.6598596e-11,1021.38727,-553.0227,241.12085,0.00023225287,0.24142684,439.0092178599103,1746.179952133452,377.18181156137297,1974.742106681288,5.526020719751963,75.00180579466664,1.6532374e-07,0.007812417,473.73046875,2680.8837890625,0.0024389005031674417,1.0793217497424676,-0.5873678149655468,0.6177003281190989,0.0244140625,0.2138671875,-3.401424863744926e-16,1.0,-26.633451,26.640902,0.0,11.239031
0.0022249136,1.0,0.06349278,1.0,0.00012829336079981114,0.6498409445236274,1.6690596e-07,291.1268,-277.51556,149.1716,0.015048343,0.11785581,1133.0416671505811,3716.691872613994,1682.7209003384792,2887.851091170385,4.262696100448614,50.88951696734055,0.00053482945,0.07382866,2207.1533203125,6696.826171875,0.14602819711602577,1.539212042402247,-0.35537056624889435,0.24399627000093418,0.01416015625,0.2822265625,-3.0415383868644564e-16,1.0,-19.427834,18.652449,0.0,8.42016
0.0007874589,1.0,0.031387478,1.0,0.0,0.7755347787587062,5.726558e-11,2548.038,-203.72983,232.92674,0.11431471,0.35039535,997.9745120309871,1634.8828954964722,697.6866010953776,1159.312766488288,1.9398238356699817,49.15459127126337,3.7860882e-06,0.0003002337,1431.9580078125,3068.4814453125,0.8206317981946861,3.358641960578811,-0.4595394262868691,0.5213371133431791,0.04638671875,0.15380859375,-4.171731748903545e-16,1.0,-11.625773,13.033576,0.0,14.314884
0.00031323146,1.0,0.031451013,1.0,0.0003068553370495664,0.6503564114167295,1.3171216e-08,976.9748,-323.80377,229.72809,0.021969076,0.19959718,666.5633142675528,1717.6940216215207,719.2380967567022,2130.602629280802,4.359127079940204,42.20841409199777,1.3999223e-05,0.0025063665,958.2275390625,2314.8193359375,0.1545568249325196,1.7360543265059023,-0.4841502346098425,0.44599873293191156,0.029296875,0.14453125,-3.5306528460585176e-16,1.0,-16.135881,18.142729,0.0,11.579401
4.2854917e-05,1.0,0.010752614,1.0,0.0,0.8361788215433404,1.8089531e-10,2425.8523,-477.40506,225.0317,0.004817677,0.32749546,575.6520716165466,1534.7475542795848,427.6779698308832,1408.3559801713031,3.3774985514193503,62.160789024991026,1.6947494e-06,0.0003722001,764.4287109375,2142.5537109375,0.019656340687807538,1.6909983615031192,-0.6270444449037317,0.6820645015686747,0.03369140625,0.13330078125,-4.124433145117955e-16,1.0,-19.305258,29.812687,0.0,13.904259
0.003215826,1.0,0.07066646,1.0,0.0006466182644273439,0.6165622736577964,2.3512303e-08,994.27075,-290.81885,190.22015,0.024817824,0.21297432,822.3432272809795,2265.705799380747,1105.6345402659413,1971.0111931218823,5.636600205895164,56.850753359015414,9.677235e-05,0.00581635,1205.859375,4489.6728515625,0.1909608762828225,2.397866620103314,-0.32572312653064794,0.35671056061983086,0.0283203125,0.16357421875,-3.2761706456284876e-16,1.0,-20.24175,23.288078,0.0,10.7678385
0.00022052534,1.0,0.029839264,1.0,0.0,0.7182919002886805,1.5111513e-09,1015.4505,-409.38956,197.78265,0.01118733,0.21620256,548.4136229756211,2101.333871672779,800.140664072684,1920.4143041867242,6.633003286532286,49.258398792912175,1.8724162e-05,0.006873623,936.6943359375,3886.7431640625,0.06392715229535673,1.0271777289529251,-0.5512950476258995,0.43651003949344097,0.02685546875,0.16162109375,-2.6805768376945275e-16,1.0,-20.65247,25.02743,0.0,11.804417
5.286283e-05,1.0,0.009844497,1.0,0.0,0.9294638763528081,7.9845665e-07,471.5095,-305.7548,124.09954,0.014913507,0.18397038,1012.0170003298335,3612.3268885213865,1642.0282614545151,3208.04602284388,4.769762192299815,45.39988829799074,0.0001534444,0.08163166,1970.2880859375,8397.94921875,0.13930656649909123,1.319041755225723,-0.6788148777829043,0.6196801671758292,0.0126953125,0.2451171875,-2.7056828923291855e-16,1.0,-18.554668,18.598837,0.0,10.356063
0.00186067,1.0,0.04722888,1.0,0.0,0.7246411690498008,6.545091e-09,780.9325,-352.85464,163.45792,0.010880759,0.21290703,639.4971484494463,4676.86240552743,1303.278004234245,3741.1821277057616,6.76416268995818,57.33145274700862,5.077845e-05,0.11154259,893.6279296875,9754.541015625,0.08279937738091726,2.524274195086709,-0.4360690191388134,0.3092547980487851,0.009765625,0.18701171875,-2.0301005610279696e-16,1.0,-25.176184,31.150545,0.0,10.521393
0.00175164,1.0,0.027023012,1.0,0.0,0.8359275197470928,2.9357597e-08,1841.67,-286.5994,161.14725,0.021737218,0.23523028,1045.1204224975545,4270.969747931401,1345.0643634568546,3028.7235120637256,1.4553060675528626,52.06680476686074,0.00017865516,0.10250822,1884.1552734375,8107.2509765625,0.17025199722671225,2.3030540056693565,-0.4799121728685069,0.5819352953281636,0.0185546875,0.22509765625,-3.4726623070921525e-16,1.0,-15.60766,15.150199,0.0,13.528666
0.00026338332,1.0,0.016949017,1.0,0.0,0.8310848946214786,2.08875e-08,5287.7637,-284.4055,170.80304,0.02422805,0.4617875,843.0951128681526,3259.6744663762684,1028.2514712646575,3044.2982040420693,4.289002553342609,50.56911762944459,2.4757555e-05,0.043414235,1302.7587890625,7170.556640625,0.18632550730713013,3.415421350328789,-0.5495573170483118,0.6561415089649189,0.021484375,0.18896484375,-3.353486441069025e-16,1.0,-26.110636,36.814053,0.0,16.37135
0.001625239,1.0,0.016863115,1.0,0.0,0.8094962785224967,4.1751824e-07,2081.0671,-222.11642,177.11966,0.041624814,0.34528553,959.5619847900579,2593.7054666199897,1122.8325696775585,1943.8511735984912,5.882577620268739,65.2181421619538,0.00022848602,0.010714482,1905.6884765625,4392.7734375,0.353531888489982,2.946357771092833,-0.47639935091137914,0.5141244614496823,0.0380859375,0.25634765625,-3.5347316204135245e-16,1.0,-16.883879,17.984726,0.0,13.752313
0.000826438,1.0,0.041230675,1.0,0.0,0.725549683375442,2.5215646e-10,35.94515,-503.57675,272.2856,0.005573971,0.04713963,483.87603213143433,1200.4627259105357,507.36210771749523,1242.2316885664075,5.818415959049954,44.19026139056507,5.200812e-06,0.00035394874,925.927734375,2325.5859375,0.040827465996926035,0.32794686120671507,-0.4084668289870029,0.43516989671121564,0.02880859375,0.12646484375,-3.7733889864129195e-16,1.0,-13.665737,14.825728,0.0,5.1329494
0.00040669582,1.0,0.023041911,1.0,0.0,0.6989899250740755,3.5347618e-09,538.04486,-341.95966,206.86539,0.015652275,0.17868178,557.5446763867121,1973.393294888127,874.4521894709745,1798.6101084004677,4.808246101897934,51.12360284790172,2.586832e-05,0.005496369,958.2275390625,3746.77734375,0.11936502282633182,1.784796048104888,-0.39206546638160994,0.4276349470019337,0.01806640625,0.14794921875,-2.942649490295381e-16,1.0,-22.6418,38.458702,0.0,9.664091
0.0001349519,1.0,0.022952422,1.0,0.0,0.8454893950630364,1.0720759e-10,2054.1216,-334.70392,241.96683,0.02490718,0.28885058,543.8217457362174,1471.442937680033,574.1402591484145,1001.3098610457835,3.1926825431709203,56.991502466078614,3.2803138e-07,0.00020496515,850.5615234375,2551.6845703125,0.15210574147538788,1.736800565766638,-0.5918159626145626,0.541326621547341,0.01318359375,0.13427734375,-3.9824392652766747e-16,1.0,-14.232042,17.934586,0.0,13.765562
0.00026065388,1.0,0.047529347,1.0,0.003305762391335532,0.7275551298993839,2.890106e-07,707.49536,-297.23776,168.5633,0.013104952,0.1572573,792.6127109650332,4033.968247865677,1491.1845459530036,3139.0914748378723,2.72826877055447,58.75876530769075,0.00022588395,0.062276654,1012.060546875,8354.8828125,0.13356809320096252,1.3047696303932288,-0.4154540220903495,0.3883480317890641,0.01171875,0.27099609375,-2.37268363666245e-16,1.0,-18.227758,20.804081,0.0,10.253498
0.0003758068,1.0,0.011248311,1.0,0.0,0.8729748806029833,8.8249354e-09,1166.0095,-318.6027,181.66902,0.016368348,0.24966785,630.9095308009627,2528.7845294149247,1140.2223968327623,2114.5721248986006,3.7023688188708235,47.08251239168416,2.5481784e-05,0.02088183,1173.5595703125,4748.0712890625,0.12464793531578942,1.2842907827104137,-0.6655710698708464,0.6380522204563019,0.01171875,0.21728515625,-2.8089898234678697e-16,1.0,-23.494501,22.506756,0.0,12.354401
0.0043405932,1.0,0.041243203,1.0,0.0,0.7737985012819367,3.0901062e-10,538.5573,-318.459,208.1271,0.017044317,0.19208959,914.3756095880028,2296.888329560393,945.5055264821692,2191.7217670591644,5.04129929921262,47.251746973307604,6.7211215e-05,0.010257136,1550.390625,4737.3046875,0.12191300474188974,2.0719897356563077,-0.42724228091537986,0.4258655607700345,0.048828125,0.20947265625,-3.8478502015421486e-16,1.0,-19.730867,24.293482,0.0,9.324267
0.0005741329,1.0,0.024425428,1.0,0.0,0.7903559488479954,4.5868773e-10,550.3415,-360.98904,221.12476,0.013265868,0.16997792,659.8378997050305,2227.978445157287,836.5737688492148,2159.6147694335077,5.780511756022029,55.20080581687295,1.480402e-05,0.011930993,829.0283203125,4328.173828125,0.11237295623148089,1.3080560380093278,-0.5419723340688007,0.5125415408463183,0.0263671875,0.11474609375,-3.469531009025616e-16,1.0,-23.491077,21.72964,0.0,10.088526
0.00070974336,1.0,0.021772845,1.0,0.0,0.7754225442875428,7.201227e-09,637.20233,-336.1677,234.92343,0.012114449,0.19829495,817.0505711268625,1532.6446974341418,725.6898288520149,1263.8162466960825,6.171386151744135,53.782902916710896,2.0904405e-05,0.0018755922,1399.658203125,2659.3505859375,0.10467452721233264,1.444990272870213,-0.5316143591572872,0.5228297682232799,0.0283203125,0.1337890625,-4.0514289634676447e-16,1.0,-16.348513,17.068914,0.0,9.862137
0.0004558895,1.0,0.014983888,1.0,0.0,0.9260428898301065,3.2273137e-09,1049.1213,-333.71323,242.38486,0.018626528,0.2005811,550.9205213383455,1355.5140974562887,606.3449315546289,1377.0498775993017,6.302591526619817,47.48129069031674,4.5719335e-06,0.0011441405,829.0283203125,2433.251953125,0.13315156164667152,1.6686184979136223,-0.6718876464292407,0.6436764930272817,0.02490234375,0.09619140625,-4.501805980979651e-16,1.0,-9.686749,21.011648,0.0,11.719317
3.1700612e-05,1.0,0.006658756,1.0,0.0,0.9476479823752526,2.2468468e-07,4515.1797,-281.4496,124.06003,0.012716818,0.4225174,1060.3138768437366,2930.8836179586247,1358.1537882827654,2469.2831093078544,5.5358418931443705,52.7203985776746,5.7250978e-05,0.028066065,1345.8251953125,5351.0009765625,0.1328380490103509,1.4751622456370432,-0.7540225270204249,0.7552181325687088,0.0361328125,0.2138671875,-5.061088375999655e-16,1.0,-7.9547024,12.714486,0.0,17.371368
0.0011812731,1.0,0.027835835,1.0,0.0,0.7018509210288579,3.4438263e-09,552.3153,-371.25882,234.35715,0.012939805,0.1897599,545.3479344288287,1559.2649485157117,661.5080667395472,1204.496702937699,5.83039513459063,40.90356984825513,1.6015214e-05,0.0006580818,979.7607421875,2734.716796875,0.08664045157922216,1.9550268931812125,-0.49120097979903254,0.3827558529431647,0.015625,0.13671875,-3.655527698980466e-16,1.0,-19.002666,31.95692,0.0,10.028406
0.000783641,1.0,0.03301361,1.0,0.0,0.7124311633881109,6.404287e-09,46.064144,-407.30588,220.59613,0.006530713,0.05548403,816.1675912723894,1986.2028253957978,800.156009613812,1724.7616023233034,3.632909166428025,39.27304514073681,6.381596e-05,0.00370915,1485.791015625,3337.646484375,0.05063786567569488,0.6318776421855825,-0.41968795619149185,0.5359888581308303,0.037109375,0.15380859375,-3.436916944000867e-16,1.0,-19.132305,20.234968,0.0,5.608957
0.00046940296,1.0,0.019856175,1.0,0.0,0.7688997645010377,1.8458511e-09,752.3183,-321.91876,221.41931,0.015611754,0.2516217,772.2262366708486,1966.3834356293007,853.8723800975589,1916.7112380361814,4.050733427171286,43.7277561970181,4.0077903e-05,0.0025797146,1302.7587890625,3434.5458984375,0.1273129013174371,2.020604504580863,-0.515869406983257,0.46207899270010017,0.0244140625,0.16357421875,-3.64972734522537e-16,1.0,-18.582857,22.040869,0.0,10.909627
0.004348404,1.0,0.05249435,1.0,0.00011849082228257612,0.6572941025244627,1.1603388e-08,1685.1134,-249.00754,191.65218,0.03379175,0.26395056,883.7158536873347,2773.6295143816687,1142.8219078586833,2307.7801036997444,5.380021744933261,72.48922461556,0.00015183035,0.026826935,1841.0888671875,5200.2685546875,0.29926698224350373,3.4052677456442066,-0.27878037095069935,0.31677921302616535,0.02490234375,0.19775390625,-2.7176437422066903e-16,1.0,-23.565231,26.044992,0.0,13.256047
0.00033398578,1.0,0.023075344,1.0,0.0,0.6777246753313427,1.8072708e-11,1193.9912,-301.142,222.56694,0.015027204,0.28135982,659.2670009515277,1804.0930312145,708.9323583806556,1609.6318968209962,6.147741819417298,51.89099301409535,2.1451482e-05,0.0014511882,1141.259765625,2799.31640625,0.13528303142942266,2.1269891822153433,-0.4744511116296057,0.6473459434083119,0.01318359375,0.15283203125,-4.105342800584427e-16,1.0,-13.717179,24.45622,0.0,12.033654
0.0021535635,1.0,0.04879452,1.0,0.0,0.6783170367313766,1.3670646e-09,16.223137,-446.1523,191.15155,0.004874843,0.040840395,953.5613491639265,2757.3776693718605,1003.2988620147243,2215.5513064458737,5.760693363663757,50.416121592554944,0.00015538515,0.009551902,1679.58984375,4855.7373046875,0.03746653286073145,0.35865843354712423,-0.39787352995725683,0.4138781970091203,0.0380859375,0.24267578125,-4.497861023320568e-16,1.0,-12.884838,17.853197,0.0,4.0341864
0.0036516762,1.0,0.038675833,1.0,0.0,0.754283969856268,1.1851118e-06,2155.41,-149.75496,156.30215,0.08686049,0.39304587,1191.6333163714576,4516.782470707393,1623.6499129572333,3118.5188125762033,6.004726959596366,51.11114553820323,0.00105372,0.12987149,2013.3544921875,7751.953125,0.6643730616115001,4.250396362229404,-0.5057203192263848,0.5014779232442376,0.0498046875,0.27978515625,-4.180638942038232e-16,1.0,-19.209352,16.92478,0.0,14.77517
0.0004145478,1.0,0.012020049,1.0,0.0,0.8194871117570154,1.6110173e-08,452.67566,-401.0257,159.28317,0.0048720813,0.20723668,1077.4476838790972,2770.452995827485,1056.4165540611818,2221.799330238882,2.4242334792629556,50.16681331215486,0.00010293437,0.018405767,2002.587890625,4737.3046875,0.046505998566338476,2.364375822434266,-0.5392618160694841,0.5374095961451525,0.02880859375,0.24951171875,-4.653440384580785e-16,1.0,-15.041032,23.606531,0.0,9.407187
0.0010823694,1.0,0.07107632,1.0,0.0,0.6294449246041504,7.452466e-10,234.4828,-455.28836,277.86737,0.008170726,0.10983593,252.16832418621408,725.4490841072648,350.6446683583139,826.5523452809731,5.669236524839047,39.288922930583475,5.533283e-07,5.4516535e-05,322.998046875,1302.7587890625,0.05153505199544888,0.5805610482769133,-0.3606904931366446,0.3346983122893302,0.00927734375,0.06005859375,-3.1268652448564503e-16,1.0,-9.591027,15.397597,0.0,7.88201
0.00014433701,1.0,0.02670281,1.0,0.0,0.8657289940273019,3.883874e-11,942.0686,-397.7884,272.69278,0.008619866,0.22071064,347.4237347227811,1045.6965980877499,365.34418659972215,1080.1029362342706,1.4462681033330753,51.59399340168261,2.12581e-07,0.00023292674,538.330078125,1819.5556640625,0.06322463755618839,1.20253218368485,-0.506611841003224,0.581046978011727,0.00927734375,0.07763671875,-4.1167612307180654e-16,1.0,-12.837228,15.44719,0.0,11.238143
7.595815e-05,1.0,0.0066683833,1.0,0.0,0.7409705375145585,2.5449387e-11,1304.9117,-457.25375,215.19681,0.0026092154,0.30897576,623.6878812136783,1671.8454144497202,399.0673936282304,945.1697479523053,4.497443088182573,50.21565985662069,2.9260576e-07,0.00024928644,872.0947265625,2357.8857421875,0.017495603581435315,1.7629193835457486,-0.5544917192310098,0.6176341469445648,0.03369140625,0.1708984375,-4.51460764650878e-16,1.0,-18.966993,34.93624,0.0,12.125836
0.00024688218,1.0,0.021437787,1.0,0.0,0.9276773075208394,1.067368e-10,1861.5293,-319.78864,248.98572,0.017964397,0.25916386,582.3955792379807,1210.562454565758,489.255483550237,1692.2449983131364,3.6458435980211346,55.83845274110925,2.634985e-07,0.00047124826,1108.9599609375,1851.85546875,0.13556715337144035,1.1075962329443965,-0.6416370598599317,0.5699824459737068,0.02001953125,0.10302734375,-5.071276906574566e-16,1.0,-10.785334,10.286091,0.0,13.503853
0.00089262734,1.0,0.026052227,1.0,0.0,0.8352402449322518,1.6958577e-07,951.68494,-251.02223,151.72028,0.020064604,0.30970794,1138.4826994571201,5398.678492777757,1218.1116470680029,3367.473808225245,5.335051469828883,43.76302673795146,0.00021858371,0.29430744,1313.525390625,9130.078125,0.2080230006136222,2.416978764992167,-0.5526588391512635,0.5648552465095369,0.03564453125,0.35302734375,-3.696732312968344e-16,1.0,-19.418188,24.79626,0.0,11.472899
0.0026311532,1.0,0.07597615,1.0,0.001550149357913489,0.65898557112547,7.42684e-09,675.22125,-334.08206,275.202,0.029332751,0.19797055,576.0541953952275,1075.6486196376918,577.1066244057395,1324.2782545173961,4.666722219415485,62.665981811617634,1.8964027e-05,0.0004196358,1055.126953125,1604.2236328125,0.20690764990441063,1.470059436828868,-0.3105555222058815,0.3535530287772415,0.02001953125,0.09912109375,-3.36222536019536e-16,1.0,-12.159637,14.059314,0.0,10.366363
0.001052383,1.0,0.053937662,1.0,0.0,0.7122199804122882,1.848203e-08,13.107485,-496.05746,232.88748,0.0030143294,0.02796728,567.7083096392389,1656.7267945359745,777.093861733789,2122.6110966367582,2.7292332191083766,47.449255349176745,4.2000465e-05,0.004943255,796.728515625,2497.8515625,0.021164294802926243,0.24438085794052097,-0.47295077703893207,0.30929663777351346,0.01953125,0.13330078125,-3.9263462220699033e-16,1.0,-16.996044,16.514065,0.0,3.6674929
3.977145e-05,1.0,0.016035361,1.0,0.0,0.8481535889760342,1.852667e-11,1176.4893,-441.0547,249.89838,0.009868301,0.24569844,426.36081950984055,1016.3106672550936,294.7156515040322,1222.9075274810318,4.82659794364779,60.87542158436113,5.9002485e-08,7.680214e-05,549.0966796875,1550.390625,0.04868263534914738,0.8116119729755451,-0.7083635982126,0.5887462515695374,0.029296875,0.10693359375,-4.339228122159017e-16,1.0,-14.331007,23.629292,0.0,12.073523
3.534883e-05,1.0,0.0043947045,1.0,0.0,0.9673330274895665,1.9670555e-11,3016.0525,-384.9003,193.0825,0.006100266,0.41086963,676.4390865850957,2948.7088800307815,742.0547398515449,1861.3102466931746,5.731996432345077,61.60280903729254,5.4989623e-06,0.0053073624,1291.9921875,4575.8056640625,0.04335024905188566,1.8424760027538847,-0.7099103826093869,0.7982480600476264,0.0146484375,0.32275390625,-4.664836930713582e-16,1.0,-15.810498,26.790874,0.0,16.263823
0.00092313596,1.0,0.03872892,1.0,0.03337107005709336,0.723205262912998,4.328738e-09,156.82155,-434.68076,179.65411,0.0036080566,0.1046015,700.7731866493104,2984.3860892199204,1157.5257792585667,2440.7693550470767,2.63606466227926,47.92305429560647,0.0001483563,0.03832358,1367.3583984375,5663.232421875,0.03256535070135944,1.4079871084680842,-0.5544445630266095,0.48971141315996625,0.0234375,0.21044921875,-3.9806381401746344e-16,1.0,-36.752785,44.180832,0.0,7.140039
0.0022826158,1.0,0.026135996,1.0,0.0,0.8829368839785233,2.4736253e-06,2766.3875,-154.23244,163.53748,0.05789531,0.38723707,1171.187845135164,4919.943215873743,1471.3456340257233,3463.307055398027,6.375295194864684,44.35924161611765,0.00080967945,0.2171999,2045.654296875,8720.947265625,0.5940365989514192,4.220354707515342,-0.5378696732223037,0.3864825654513351,0.05078125,0.35107421875,-3.3456981038060923e-16,1.0,-21.30782,19.517447,0.0,14.873557
0.002783372,1.0,0.02126384,1.0,0.0,0.8432472054875858,2.5634563e-08,152.50558,-343.65823,145.51743,0.011554964,0.098633446,1309.2953282614078,3456.701858850852,1477.1369237561364,2844.077989379886,6.362686219312041,50.27296325937137,0.0005461848,0.039676722,2347.119140625,6965.9912109375,0.09132517862254733,1.0657256140540314,-0.4938418176025155,0.5704813580960033,0.04345703125,0.20263671875,-5.139661532881804e-16,1.0,-15.36049,22.595917,0.0,7.053989
0.0018207638,1.0,0.02700982,1.0,0.0,0.7010709476336885,1.4866768e-10,486.16144,-384.96103,246.89465,0.008540367,0.17787816,719.7718894366026,1654.3884944562374,571.0798946617431,1205.966318597745,3.4650060619310645,62.12492940042906,1.7545728e-06,0.00063282007,1313.525390625,3273.046875,0.061636656231206746,1.3035649877390312,-0.44555059820413634,0.4420803394168611,0.033203125,0.1396484375,-3.759531511653989e-16,1.0,-13.893394,19.734968,0.0,9.450751
0.00016616897,1.0,0.014075482,1.0,0.0,0.7705682470502837,1.5588464e-10,570.98694,-426.40518,253.81543,0.008504198,0.16365466,449.2023627565331,1140.463586953404,363.38119905911464,1347.5162402022193,1.7873844903454312,63.217404868632585,5.591652e-07,0.0003082999,753.662109375,1679.58984375,0.054206676681821477,0.7076545818681393,-0.5695985015481713,0.5419473028109663,0.025390625,0.12744140625,-4.490544585905809e-16,1.0,-12.230692,13.523899,0.0,9.752218
0.0012474807,1.0,0.041327752,1.0,0.0,0.6674097069945729,9.0737134e-10,1680.2184,-305.4439,167.81332,0.025636597,0.4392431,964.3821624190687,6716.210062100603,1269.6562319442369,3565.4236640647837,2.6067856218642698,57.34247071358412,0.00026998014,0.16757777,1873.388671875,9334.6435546875,0.14451387586879272,5.721796768333694,-0.39379834383726164,0.47220731154084167,0.0322265625,0.54296875,-3.0745725782774777e-16,1.0,-33.946987,41.036095,0.0,13.721092
0.0015093338,1.0,0.06251451,1.0,0.0019396365058245515,0.7108430246997992,1.8208075e-08,9.389935,-495.0582,232.03543,0.002561654,0.024021465,598.2650676804715,1770.104938520737,902.083907578033,2013.0779601868421,1.9417212834957267,53.4718118200496,0.0001925148,0.008175071,1195.0927734375,3079.248046875,0.02122843929885319,0.2741629340887901,-0.3852816820144658,0.3956071492284533,0.029296875,0.13720703125,-4.2944364722993447e-16,1.0,-17.411736,26.41597,0.0,3.6904736
0.004409174,1.0,0.06440678,1.0,0.0,0.663588233508238,2.3765745e-08,52.430523,-383.6724,156.77826,0.0055165547,0.053506922,1187.8504680064189,4474.214672287407,1444.3039841990508,2964.0267726590137,3.451585596501373,45.36260521383001,0.00064501335,0.16769731,2314.8193359375,7805.7861328125,0.05248691873324874,0.9031948176316384,-0.38000067323446324,0.39049469294428024,0.02978515625,0.29248046875,-2.807373185464897e-16,1.0,-22.338192,27.605862,0.0,5.2766147
0.0019672024,1.0,0.025843346,1.0,0.0,0.7681498783060483,1.16978995e-07,110.15102,-354.37607,154.14793,0.007372618,0.09093831,1103.444161485314,3639.600327600299,1494.9519497366325,2942.3597416019284,5.048274917927929,49.56983906127135,0.0003363351,0.08980187,1679.58984375,7009.0576171875,0.0784792094443915,0.9559145509976058,-0.5492161568254236,0.5094644222408532,0.03369140625,0.291015625,-3.3243095119147883e-16,1.0,-14.422754,20.96517,0.0,6.501218
0.00041815828,1.0,0.023068206,1.0,0.0,0.8685334274893133,1.7154333e-08,826.3885,-273.19916,153.74026,0.014252347,0.2834433,920.7195407889428,5041.146549881846,1077.7599174612972,3631.7688538012226,3.225062022787802,64.16120152951568,0.000120587894,0.14293045,1787.255859375,9291.5771484375,0.15623308348803058,2.6663875397438797,-0.6290262695401909,0.5407955119805845,0.021484375,0.27099609375,-3.5857316625269756e-16,1.0,-20.022493,27.058718,0.0,10.81027
4.639346e-05,1.0,0.014885873,1.0,0.0,0.7226090907420205,9.527426e-10,2549.361,-364.09348,236.26425,0.00868937,0.34094456,568.2258813808436,1890.1182228362486,615.918889927138,2299.2023455003923,2.68346541991267,49.065520753275095,6.98222e-06,0.0046483264,915.1611328125,3359.1796875,0.06312147949976712,2.3669642693987787,-0.4658376369625331,0.5657548988237971,0.033203125,0.14208984375,-2.1042038778349295e-16,1.0,-23.873365,33.370975,0.0,14.982875
0.0009814681,1.0,0.044832554,1.0,0.0,0.7848563535269297,2.8716789e-08,1343.407,-289.67416,191.26566,0.0151589075,0.27245918,726.5181204621624,2152.3043567292907,1110.1839234488916,2347.447337765267,4.816727612083504,59.884800686310825,6.0057017e-05,0.016470075,1313.525390625,4414.306640625,0.13017843973790633,2.5900438436661153,-0.45242189221589846,0.5136881082220289,0.015625,0.12744140625,-5.01577408290792e-16,1.0,-19.592453,24.517523,0.0,12.646368
0.002388928,1.0,0.044084802,1.0,0.0,0.6691377630173868,6.0706973e-09,2023.7544,-355.75964,179.45328,0.017922103,0.32398143,685.741518084291,4688.241778383022,1090.311233435033,2719.7280587007253,5.168199865585358,50.224932094457515,7.8539604e-05,0.18723929,1302.7587890625,7385.888671875,0.094151888468121,5.0029440976524615,-0.3591050133109097,0.37598698958754506,0.0224609375,0.29638671875,-2.4981375649211583e-16,1.0,-34.938835,49.31139,0.0,13.417903
0.0003623964,1.0,0.016025545,1.0,0.0,0.9038834147719137,4.380598e-08,713.0541,-280.7407,158.71765,0.02139433,0.18136804,827.3354516951051,3518.8825575532546,1298.8745885739968,3168.1935224306035,6.092763609352393,52.71645857617133,8.117375e-05,0.1389977,1291.9921875,7687.353515625,0.14759521056519137,2.1730991569135294,-0.504234300926328,0.6657388508319854,0.0205078125,0.1787109375,-2.480367230312642e-16,1.0,-21.924664,22.77772,0.0,10.170245
0.0006698408,1.0,0.029757917,1.0,0.0,0.8128211650065764,1.3935456e-08,618.5285,-420.74213,178.77957,0.010881555,0.1779271,584.962104001685,2186.8910194801647,1077.7920607343847,2375.129091401763,7.150333917463671,46.34680835284965,4.0250256e-05,0.010454456,559.86328125,4608.10546875,0.05656226320516955,1.2671190038108828,-0.48948371037840893,0.4118218847890379,0.01220703125,0.1796875,-2.9692657227794473e-16,1.0,-19.107817,20.7245,0.0,9.477797
0.0013625768,1.0,0.05896383,1.0,0.0,0.6817172983624413,1.8991139e-07,747.7908,-235.32198,170.79593,0.026669981,0.27792865,938.3458857846122,3122.4480942442788,1340.8660160995912,3241.701083209183,2.8865650451971874,52.70814455335873,0.0001952873,0.0550757,1399.658203125,7924.21875,0.24486675225518936,3.2638865299309203,-0.47424261644482657,0.3757676059269451,0.02099609375,0.1826171875,-3.864816122001247e-16,1.0,-18.277723,32.01423,0.0,10.988768
0.0013529685,1.0,0.043064393,1.0,0.0,0.673996579359517,2.2319513e-09,314.26993,-439.64795,223.97043,0.020270169,0.14183196,449.98514987626174,1775.6326052463096,740.7945723365742,1929.7907131262662,6.34205299497705,50.00215438799693,1.72903e-05,0.0020254815,516.796875,3585.2783203125,0.0837441775638999,1.3763173599079623,-0.42119059945505893,0.3350701211020347,0.01611328125,0.15673828125,-3.369244035963906e-16,1.0,-24.014774,27.86391,0.0,8.06654
0.0007219237,1.0,0.04508116,1.0,0.0,0.7367594613489833,9.258843e-09,363.77673,-348.3468,204.99548,0.014267248,0.13540116,693.4437604750134,2058.4269425145067,999.2028451968991,2308.267690600388,4.986877417306876,47.52368334275513,6.0206363e-05,0.0060283034,925.927734375,4640.4052734375,0.09121275513625147,1.2462237531991902,-0.3899277504533531,0.3738271709755856,0.02734375,0.12060546875,-2.9915832402686757e-16,1.0,-18.092417,21.22444,0.0,8.243499
0.0007518894,1.0,0.015301491,1.0,0.0,0.7365994098660448,3.746956e-09,606.65265,-337.61722,256.51343,0.029306618,0.18909143,467.8195608470216,1548.0512849781426,546.8739059129823,1079.33869024474,5.782134573855138,47.152304675697195,6.476487e-06,0.00046394352,796.728515625,2551.6845703125,0.1514670668271298,1.8249245675863741,-0.6415529064834121,0.6491966708855335,0.0126953125,0.146484375,-3.8293186855890323e-16,1.0,-14.629583,22.543139,0.0,10.163098
0.00031507824,1.0,0.020904647,1.0,0.0,0.7228709350979357,5.7432454e-09,677.4654,-485.57138,194.99239,0.0036248306,0.19856761,484.31551252547655,2089.2312619204636,792.2838930392937,2197.8263041407176,3.47006114727359,52.48535602301119,1.224267e-05,0.020873943,775.1953125,4209.7412109375,0.021045484016316444,1.4616089688065537,-0.4887977587059143,0.40447495691478236,0.00927734375,0.111328125,-2.1540091838656923e-16,1.0,-33.561695,42.0266,0.0,9.858162
0.0011578458,1.0,0.038063545,1.0,0.0,0.7218157416267162,9.5699475e-09,831.158,-410.50473,225.32816,0.007913923,0.20944482,475.1544927876871,1834.270577712337,713.219905834288,1856.4759219045745,3.801113950568592,46.44268820783583,1.3711481e-05,0.0069557712,742.8955078125,3703.7109375,0.047602644113463245,2.0290736430273424,-0.38854036666452924,0.3904878608882425,0.0126953125,0.130859375,-2.0330842654362348e-16,1.0,-25.190418,36.87049,0.0,10.692759
0.0026776583,1.0,0.030508606,1.0,0.0,0.6833517310879962,2.2182062e-11,1368.4489,-256.40057,260.58173,0.047116097,0.3143166,509.46992842916455,1102.8662817472928,585.026426039287,976.2496721662833,6.411641124626408,54.89939774510002,1.8813479e-07,6.867077e-05,807.4951171875,2347.119140625,0.3513163981681382,1.7107505909251233,-0.40457536838948804,0.3864830266684291,0.01025390625,0.06982421875,-4.64985010412226e-16,1.0,-6.013197,11.011622,0.0,11.987462
0.0036310656,1.0,0.05985749,1.0,6.315584587814242e-05,0.7228675023819016,1.08949125e-08,9.034776,-423.28894,130.34366,0.003843959,0.021757757,1426.4423238675483,3639.5868174184307,1755.42584024892,3080.3360985815098,4.042357619681535,45.519189609914946,0.0011253516,0.06577689,3133.0810546875,7601.220703125,0.03916490865024304,0.1459186673858458,-0.3989119417965416,0.39946176284587454,0.033203125,0.232421875,-5.204897063591126e-16,1.0,-8.740814,9.155183,0.0,3.3374338
0.0009021104,1.0,0.016316889,1.0,0.0,0.8339588569081045,7.2618744e-11,564.81555,-315.09085,177.51822,0.013809972,0.18982956,963.1486814824409,3830.4298883435763,1305.8932428589787,3744.61691693175,4.448457227929958,65.41231499138931,0.00018908778,0.15241387,1464.2578125,9399.2431640625,0.14356873133773188,2.1557427668604405,-0.5822854414582258,0.5802603382617233,0.0380859375,0.33642578125,-2.8503142018845834e-16,1.0,-25.093805,30.439379,0.0,9.848916
0.0012272125,1.0,0.018487742,1.0,0.0,0.6624094888215627,8.152815e-11,798.95966,-344.358,260.74637,0.012895381,0.22501801,478.98506167638806,1608.3325671628359,610.1209130509244,1118.587975674069,3.726219364864275,47.63522800248324,8.8888817e-07,0.0003332463,904.39453125,2400.9521484375,0.10447412118428544,2.0172979497594667,-0.27070965617895193,0.4778529331088063,0.013671875,0.1259765625,-2.818502803697005e-16,1.0,-11.942673,20.946249,0.0,10.833978
0.00010296049,1.0,0.009190815,1.0,0.0,0.8472984844584354,1.1892837e-09,485.07156,-388.26282,194.17665,0.013615279,0.1492636,884.2465873094217,2481.6370389245544,931.1064919267424,2472.7961557285416,2.8938479848697143,50.47892024058758,1.22342535e-05,0.019671535,1604.2236328125,6050.830078125,0.0835788962201833,0.8669525294373673,-0.5942187490873042,0.7134709437377749,0.0283203125,0.169921875,-3.333375424498747e-16,1.0,-13.146731,23.145203,0.0,10.32591
0.0005311515,1.0,0.049892258,1.0,0.0,0.6794870859343899,1.2286726e-08,611.338,-418.5599,211.27051,0.01069884,0.16700852,456.4125455634926,1943.1409218269373,837.0144907035261,2023.1408957784897,4.968316206498663,49.971832868229264,1.7404445e-05,0.012971946,699.8291015625,4123.6083984375,0.06870710495522528,1.692924738412152,-0.3095381408929831,0.3141777273267505,0.01171875,0.15185546875,-2.3909544421771673e-16,1.0,-30.183971,40.788246,0.0,10.100346
0.00066586747,1.0,0.0238767,1.0,0.0,0.6745135231108271,7.33048e-09,1142.743,-372.67868,239.50792,0.010777409,0.24650398,635.072398885924,1604.7911288874338,587.2407842439596,2103.528953848857,5.6849793635165975,55.204249104894494,8.378837e-06,0.0031048313,968.994140625,2271.7529296875,0.07591541484794234,1.4864007224281777,-0.46105831294669525,0.6168973438389587,0.03271484375,0.12353515625,-3.2283250140301235e-16,1.0,-14.846185,21.476812,0.0,12.239665
0.0017158827,1.0,0.024909627,1.0,0.0,0.8048425661504471,4.2342926e-08,319.00906,-395.40845,144.32834,0.007849824,0.16032799,1091.5936503181438,4543.40838126396,1558.2723414890527,3409.3949030263075,4.596889889368425,44.5114172153409,0.00025246837,0.09474119,1776.4892578125,8430.2490234375,0.06913349917037885,1.57074517535111,-0.48340638726949753,0.5974503616390903,0.02880859375,0.2978515625,-3.2224000051919964e-16,1.0,-19.553959,24.895397,0.0,8.471714
0.0013187288,1.0,0.03935145,1.0,0.0,0.8094395689614908,6.9647275e-09,53.59609,-439.85648,188.59004,0.0051995274,0.07638032,952.1236622816327,2834.3491401497417,996.2502075340274,2427.7138225681356,5.302069412709533,48.95924794292686,5.7581063e-05,0.038571324,1205.859375,5286.4013671875,0.05098431406669457,0.6799051735473499,-0.46846668794751206,0.4198283205562769,0.04345703125,0.27783203125,-3.896529779332077e-16,1.0,-19.568518,28.877394,0.0,5.7277207
0.0009719589,1.0,0.01814839,1.0,0.0,0.8006030955993403,8.0804405e-11,277.6234,-425.65643,252.85487,0.008513351,0.11384245,620.810148323063,1132.7369569906996,574.8019461226281,944.7899355843595,7.24600160974464,41.86794195646235,8.968341e-07,0.00014512445,968.994140625,2551.6845703125,0.05116084702938376,0.7223844998215835,-0.5977867078036073,0.5070285275578497,0.02783203125,0.095703125,-2.3153027504202207e-16,1.0,-12.767865,26.111912,0.0,8.952227
0.00021166177,1.0,0.009641732,1.0,0.0,0.8599156130944239,1.1379166e-08,840.4569,-317.96576,158.4877,0.011136938,0.20220621,1011.3869133864378,5486.669992507948,1220.004880148287,3152.2199462974395,4.712555239739711,47.23305208554481,0.00011469275,0.24296425,1808.7890625,8580.9814453125,0.11210119281029812,2.2476548327706336,-0.6425319276750089,0.7149809263646602,0.02880859375,0.4404296875,-4.320326049059424e-16,1.0,-21.04715,29.60867,0.0,11.12933
0.0018036666,1.0,0.05200685,1.0,0.0,0.6938260929364315,1.601377e-08,656.8259,-298.8734,148.98566,0.022767436,0.21205796,1066.6537254853638,4695.956793581721,1554.015309193654,3533.6765269251136,4.324628097249423,57.01883345728498,0.00019388561,0.082579605,1808.7890625,8893.212890625,0.16609991624109477,2.2138662668162556,-0.32800179906189475,0.3662910153186457,0.013671875,0.2646484375,-2.1636439763717796e-16,1.0,-22.807867,24.741806,0.0,10.405401
0.00011434678,1.0,0.009735201,1.0,0.0,0.9967453573900538,1.1726883e-07,2141.303,-298.38477,163.15872,0.017837944,0.3391848,974.9032994566287,2154.0857242424454,1026.3880811679528,2240.5661032127664,6.670080513024418,51.643457683657815,5.0586186e-05,0.010575635,1152.0263671875,4608.10546875,0.14957484280377145,1.4815096439137463,-0.7776276199147106,0.7558724517002701,0.033203125,0.1123046875,-4.750685857630189e-16,1.0,-10.812646,14.42773,0.0,15.675434
0.00038920695,1.0,0.015938766,1.0,0.0,0.7463656583374064,7.230918e-11,697.45154,-400.0123,281.10614,0.031663198,0.21109644,371.34016257537877,774.3622692755251,292.22586737083515,1294.2350012078605,2.7332002294210085,56.97142177383498,1.4614608e-07,0.00035673237,527.5634765625,1076.66015625,0.1441717018874676,1.1512815946393655,-0.5802924126676788,0.5662288879975675,0.0185546875,0.072265625,-4.2497141881339426e-16,1.0,-14.014097,18.103853,0.0,10.11366
0.0025102512,1.0,0.036712706,1.0,0.0,0.6839870509102945,4.2790673e-09,90.062126,-441.9544,186.80252,0.0052663554,0.07562758,567.5726617067987,2577.402329927073,1006.289055899218,2596.5825553803843,3.6648078497586196,57.87873487662811,4.4590026e-05,0.04436139,882.861328125,4791.1376953125,0.03693517071142217,0.688295099193112,-0.4683605078607804,0.5582716756654046,0.0205078125,0.15087890625,-3.399865287547469e-16,1.0,-30.606583,38.09955,0.0,6.4225945
0.009333455,1.0,0.08559272,1.0,0.011345296934415557,0.6338658196438948,2.8483435e-10,36.19223,-418.32245,307.04477,0.014051524,0.051124617,473.93407203559707,1208.8017447982709,541.58272990632,1471.0138740769826,2.0990520578437244,55.74486382455825,6.568239e-06,0.00093181554,721.3623046875,2153.3203125,0.09786960599708874,0.5857932208603871,-0.2765666414052256,0.3019674327224485,0.0205078125,0.123046875,-3.7231859110069137e-16,1.0,-10.421672,11.88427,0.0,4.976291
0.001082591,1.0,0.025897345,1.0,0.0,0.8382991389952738,4.563968e-08,794.13196,-302.6881,169.91855,0.013858167,0.29905742,1034.2493068935396,6839.829547352627,1372.3821108830043,3730.7602100254694,1.965135196752691,51.2214183790461,0.00039237743,0.18526907,1507.32421875,9506.9091796875,0.14125376478758225,3.7130700823187426,-0.5316504165530209,0.4055089261382814,0.0205078125,0.607421875,-2.546305178843284e-16,1.0,-29.0366,47.78542,0.0,10.628713
0.00087752135,1.0,0.051568307,1.0,0.0,0.6772070949223583,1.7417483e-09,153.97809,-408.19525,284.3026,0.015098781,0.099275395,418.5837097742266,989.8912920955283,502.2656594086743,1454.3758848874836,5.109963363724416,42.724103733804476,3.5887301e-06,0.00040032263,678.2958984375,1496.5576171875,0.09684473311283086,0.7712261704947809,-0.40128702670335814,0.40238380618393393,0.02392578125,0.08251953125,-4.001292614640742e-16,1.0,-8.603555,14.240617,0.0,7.2750397
0.00087938836,1.0,0.032866545,1.0,0.0,0.7513428070844634,3.9276795e-09,173.14845,-374.87738,169.33136,0.008372658,0.08647454,1076.1664854875073,4379.628973020934,1348.446268301248,3248.8839152438595,3.873927595388141,54.10534712163941,9.946393e-05,0.18939818,2002.587890625,8677.880859375,0.06453382894749292,1.3347597574882724,-0.47220047429339923,0.48106401041150076,0.02001953125,0.28662109375,-2.710880049029958e-16,1.0,-33.252537,28.880983,0.0,7.4205284
0.0024490748,1.0,0.06348981,1.0,0.0,0.6828231430305866,1.857979e-08,8.653139,-520.3848,213.31618,0.0015666687,0.017066007,726.987225733674,1936.9163381156336,919.0896983851218,2448.3874005087287,3.2056685773249893,48.65059877694041,0.00013420008,0.015407316,1055.126953125,3251.513671875,0.01608998874136709,0.1873372526909729,-0.3152842856943615,0.24700758233666376,0.021484375,0.14404296875,-4.173381655057385e-16,1.0,-16.455093,15.914074,0.0,3.4418402
0.0007487785,1.0,0.016211774,1.0,0.0,0.7813768601296899,8.04313e-11,534.3936,-425.44608,241.28668,0.008799376,0.17001833,536.8338743268436,1374.5183839472109,573.6602671361478,1386.3052119355616,5.401910748269222,51.444560698242164,1.297387e-06,0.0005457406,915.1611328125,2573.2177734375,0.04772120364772325,1.2378484761521285,-0.5357803571969273,0.45591992605477555,0.0244140625,0.13232421875,-2.267640040229522e-16,1.0,-14.974461,27.7455,0.0,10.330211
0.00062887295,1.0,0.078982025,1.0,0.013438605542562404,0.625666762720634,7.974155e-11,1709.5878,-313.36246,257.94138,0.0342482,0.33552212,395.62507305130964,1331.6226551019026,541.4554374122914,1437.485362514122,2.5078958745451345,49.455160626420145,4.8239e-07,0.0008775859,645.99609375,2379.4189453125,0.23332520642939403,2.243137731375686,-0.3249963037669663,0.34659687988460025,0.01123046875,0.1005859375,-2.4384300847337225e-16,1.0,-20.614168,16.557064,0.0,12.979349
0.0008905964,1.0,0.018493738,1.0,0.0,0.7306042094800951,1.14037974e-07,392.0806,-328.38568,118.72001,0.012549969,0.16481327,1690.2230945313859,3489.0682659304184,1504.6720143839188,2593.812694923391,2.3076668289371147,47.49754704465818,0.00034557836,0.14190981,3305.3466796875,6449.1943359375,0.0974076520760292,2.146723383795157,-0.455178812146187,0.5370818887995801,0.04931640625,0.25341796875,-3.000347906860332e-16,1.0,-29.335014,23.345533,0.0,9.097899
0.0019757156,1.0,0.06953489,1.0,0.0,0.7196084779733001,4.7021786e-08,268.47723,-415.727,133.28168,0.004670285,0.13449849,1469.2396592907637,4830.723161263724,1583.1085064287843,3482.0019880775444,4.626241223089874,44.04511462106446,0.0007305489,0.26865104,2637.8173828125,9399.2431640625,0.0401278881491985,1.524416071471769,-0.2902151960879568,0.4261484518647191,0.0546875,0.310546875,-3.2123821193055336e-16,1.0,-17.928415,19.91603,0.0,8.1034775
0.0007069235,1.0,0.017458025,1.0,0.0,0.8116204908877146,3.644302e-09,289.2926,-367.1335,178.55588,0.013076727,0.106722,845.1776981680428,4092.991975487054,1120.4153123969525,3477.4405840686545,3.834598451894597,53.37292119269147,5.3405864e-05,0.13616326,1711.8896484375,8807.080078125,0.08626399624133937,1.3239580646537739,-0.5784754526733231,0.5877378825098275,0.03173828125,0.1923828125,-2.6192895822528783e-16,1.0,-31.380438,25.152838,0.0,8.080611
0.003288532,1.0,0.03174643,1.0,0.0,0.8595749465033758,5.5698314e-07,1572.6326,-242.18837,179.60597,0.023016054,0.31906325,1076.9315194212215,3818.6701861051947,1136.0633670107613,2996.6288936469127,3.8599171440588425,53.19795086197168,0.00035946388,0.09728151,1765.72265625,7192.08984375,0.23088117510246087,3.5368038563257347,-0.5174901355057959,0.5858734002321679,0.02490234375,0.31396484375,-3.4563466314236634e-16,1.0,-20.112946,24.299213,0.0,12.908763
0.0009033322,1.0,0.041289464,1.0,0.0034054165605842328,0.6635715879100953,2.6154195e-08,414.0439,-298.80353,181.63017,0.012685618,0.16607936,918.2891758946913,5448.126259877639,1188.5392758005567,3738.1145532473,5.46346608240421,44.45587436091451,0.00033610556,0.10026801,1367.3583984375,9151.611328125,0.1581212954063445,1.7232494952210269,-0.4790595863014463,0.4058233462274071,0.0263671875,0.20263671875,-3.774114028018947e-16,1.0,-17.582687,25.007465,0.0,8.919887
0.00029293765,1.0,0.018410927,1.0,0.0,0.7837927915154718,1.2040002e-11,2436.5398,-329.9401,216.80768,0.013040266,0.32919383,570.5563622556654,3994.71610951813,776.4327853697423,3870.9862511184924,3.6621814255367013,63.491224390465135,1.319159e-06,0.019792706,861.328125,9549.9755859375,0.09877291380711839,2.5195701105559936,-0.4986757291480902,0.43658476695418313,0.01171875,0.21435546875,-2.5946900519565297e-16,1.0,-31.911415,33.730194,0.0,15.003771
0.008742829,1.0,0.045614816,1.0,0.0014827891914805408,0.6856931235223112,3.4373815e-07,421.44473,-217.4343,117.81327,0.03720256,0.25919884,1718.6960413261704,3295.9196440414835,1275.3044504363938,1957.484854677403,4.131634064340284,45.815034932367965,0.00066569314,0.036829844,3369.9462890625,4769.6044921875,0.3778225194879026,3.4463339383324327,-0.36581095040672884,0.49984453898293457,0.11376953125,0.2841796875,-3.994650482052305e-16,1.0,-16.544508,16.783821,0.0,8.798864
0.0064490493,1.0,0.03365586,1.0,0.0,0.7318378774158791,1.3120937e-06,289.81644,-219.88095,110.481445,0.029099543,0.14842409,1711.2443923183343,4009.30830359239,1966.8147757840893,2850.6428871962053,4.7792803171571006,48.54107763459618,0.0014555375,0.20594986,3671.4111328125,7224.3896484375,0.29421290098887537,2.5519433952399324,-0.5668061300017148,0.45607702434062936,0.0751953125,0.296875,-3.227415012381786e-16,1.0,-17.76949,19.718584,0.0,8.195255
8.836213e-05,1.0,0.03473827,1.0,0.0,0.7901312799974841,1.5687887e-08,764.2384,-373.02063,165.19217,0.008801864,0.22496407,778.5613619878418,4433.80390238068,1244.4137489440725,3207.4892362424175,3.4606329197866845,45.48052694702223,0.00013943795,0.23925517,1345.8251953125,8462.548828125,0.0665615831207203,1.3130374895076253,-0.4553529638797049,0.5379515532404181,0.02392578125,0.173828125,-3.0526866527228853e-16,1.0,-26.134375,19.368206,0.0,11.614913
0.00018042898,1.0,0.0062140585,1.0,0.0,0.8516314209497614,1.2095085e-10,390.19604,-439.27048,235.17258,0.0034917172,0.1494923,613.4872724493164,1645.4023185527003,602.7267593375475,1196.787068858719,3.658910603618495,46.53387016153461,5.415092e-07,0.00090195215,968.994140625,2777.783203125,0.02826561500714228,1.2926898336387973,-0.6304066469892864,0.6173040511258017,0.02734375,0.15771484375,-3.7199404292114036e-16,1.0,-9.83399,20.049059,0.0,9.201073
0.00084567536,1.0,0.023913026,1.0,0.0,0.7294804249297938,1.3073962e-07,3406.7812,-294.89145,166.88269,0.02186828,0.38345024,944.1552164170914,3399.791646519093,1551.7087243906262,2943.500626719252,2.7899036701322597,57.46164509379166,0.00024127212,0.1330555,1453.4912109375,7224.3896484375,0.16972137535420445,3.0953962350645785,-0.46992822550237207,0.4797565173357723,0.025390625,0.30078125,-2.96593351863407e-16,1.0,-29.92872,37.360676,0.0,14.722326
0.00013001302,1.0,0.028843507,1.0,0.0,0.839777476566856,2.1170161e-11,2036.1655,-335.47925,193.92311,0.020326808,0.3422655,579.5419732724833,3450.6922505071275,871.589060469368,3231.0562632235824,4.747981279005336,64.49977746061697,2.4015353e-06,0.037663598,990.52734375,7579.6875,0.10906489214381351,2.204868528981223,-0.4689402351696275,0.550251258537173,0.013671875,0.1962890625,-2.376413277928885e-16,1.0,-27.044622,30.905928,0.0,14.03186
0.0009037713,1.0,0.03542409,1.0,0.0,0.7369270128513102,1.2561749e-10,342.2518,-473.8816,255.82419,0.0075775455,0.12951635,456.3665069970504,995.0738840549672,365.81715851533244,1839.6291704492646,3.523148795509716,60.41848195224238,4.0754134e-07,0.00061473076,645.99609375,1152.0263671875,0.04800451329540654,0.5545063826077951,-0.43787788066762334,0.43889984115958175,0.0166015625,0.07666015625,-4.626810055065924e-16,1.0,-15.210392,14.523795,0.0,8.545636
0.0004887251,1.0,0.0151009485,1.0,0.0,0.8930432677289046,4.8025334e-10,381.39035,-433.5697,192.98566,0.009040501,0.15169497,572.488356835362,2056.73338902097,836.3899820138539,1611.5926601327183,5.54257012506052,47.56599340924649,2.8492468e-05,0.002534739,904.39453125,3919.04296875,0.05548967698937858,1.1676155227877922,-0.6272389749065045,0.5062220804393288,0.02490234375,0.150390625,-4.319204731638951e-16,1.0,-24.219448,21.616932,0.0,9.598517
0.0007461881,1.0,0.01341407,1.0,0.0,0.8391044423481212,4.4335778e-08,727.72284,-350.4457,155.97226,0.008463637,0.17622042,877.9553291070918,4066.9800264282167,1468.271208248616,3214.7661846094966,5.460752527858667,44.43582766531042,0.0001412604,0.21609147,1442.724609375,8128.7841796875,0.07944498684569776,1.3472355465657955,-0.6527841845527292,0.486729111522436,0.0166015625,0.20556640625,-2.0332279195112311e-16,1.0,-33.653404,30.87091,0.0,10.34987
0.0007348987,1.0,0.03658823,1.0,0.0,0.7798915148462283,3.756776e-09,2127.0186,-245.9168,242.96848,0.039671447,0.32265186,680.6973139566038,1733.7914995269882,740.5825644122446,1542.3024995148926,5.050181069595398,67.12458253649594,1.0891627e-05,0.0011123588,1227.392578125,3305.3466796875,0.3551987366658002,2.2503247003850273,-0.4325507599860435,0.5652815549784882,0.0341796875,0.12744140625,-3.782311240015997e-16,1.0,-14.29606,15.412206,0.0,13.774127
0.0009447374,1.0,0.025465969,1.0,0.0,0.7754346095684338,3.4372473e-08,888.72705,-330.867,174.1659,0.014584645,0.25914225,750.4493891662075,3979.652600143876,1179.7765615483852,3294.41522974845,5.389588384421534,44.1365208783082,0.00014794283,0.10329539,1098.193359375,8268.75,0.09877557712035161,2.6783803598593536,-0.5748786121594146,0.49001329205930205,0.03076171875,0.24560546875,-3.2550940656007454e-16,1.0,-21.359644,31.950415,0.0,10.501077
0.00021222765,1.0,0.012601125,1.0,0.0,0.9402711779692494,1.2767667e-08,2367.8267,-295.58057,141.16272,0.014582265,0.3242205,1023.2307459898967,5426.915003150185,1569.425447083679,3504.1993934907296,2.16847558045525,62.382409635611104,6.913775e-05,0.22288728,2260.986328125,8903.9794921875,0.13700994323112148,3.3639208461671677,-0.5049034114927056,0.7047262769192456,0.0224609375,0.361328125,-2.871852674712554e-16,1.0,-29.905527,28.013836,0.0,14.268416
0.001319906,1.0,0.04506274,1.0,0.0,0.7577350431133402,2.3335827e-08,47.598667,-317.1299,150.65126,0.015210099,0.048441064,1099.5613860405172,2730.5265374993032,1508.613211979983,2752.7079283312037,2.768041827023766,49.24035391010264,0.00026250948,0.05563955,2099.4873046875,6255.3955078125,0.13374234132739227,0.6216513100504962,-0.4744261733266768,0.4413801450282332,0.015625,0.21875,-3.1686485227872476e-16,1.0,-14.317559,14.031668,0.0,5.743496
0.001208734,1.0,0.03079048,1.0,0.0,0.7208410692350149,1.3356488e-10,697.77795,-364.39688,243.57178,0.013284303,0.2072016,570.9060728095095,1743.5123843987233,652.5662822305997,1222.898275957986,3.1500565384453196,54.05718036414658,1.7645258e-06,0.0009979826,1141.259765625,2906.982421875,0.09113619776118784,1.8444141388278341,-0.39976190589368416,0.4034120552241799,0.0166015625,0.12841796875,-2.225199631648282e-16,1.0,-18.834383,27.104078,0.0,10.448628
0.0017513813,1.0,0.02738128,1.0,0.0,0.8112493727286723,4.858951e-08,264.7463,-323.1584,159.88226,0.0099103665,0.1801231,878.5833787567693,3965.8087432914535,1507.7336162480608,2770.305015251795,5.809956864785674,58.904959724254454,0.00039401723,0.090594314,1238.1591796875,6632.2265625,0.10369909410774214,1.8164714253091576,-0.4950505066663031,0.5683605968952177,0.03662109375,0.30810546875,-4.461829165525282e-16,1.0,-18.066198,28.78358,0.0,8.181404
0.0003685782,1.0,0.018872965,1.0,0.0,0.8207917516583223,2.1181762e-07,1263.1454,-339.57343,139.7188,0.013666431,0.24996437,1257.9605504742444,3466.5121540363525,1382.2821929522459,2744.92395520019,5.4059449740028676,45.600404320976494,0.0001488841,0.04505972,2110.25390625,7170.556640625,0.0994075743381197,1.725746803183701,-0.5593552713962436,0.6661417745053766,0.03759765625,0.216796875,-3.267311841263391e-16,1.0,-15.412896,27.514677,0.0,12.407644
0.0020070053,1.0,0.048291735,1.0,0.016408489415940974,0.6811844077642983,2.4298788e-07,1609.3392,-281.4677,179.91956,0.017114269,0.36622742,921.6839220672716,3586.3519009454726,1146.5281764658507,3081.5834560577764,5.064846680383859,47.00901036986736,0.00030065543,0.13384289,1496.5576171875,7719.6533203125,0.1564436210824457,3.9446605909181836,-0.43962701968848766,0.40597812331959987,0.03759765625,0.18896484375,-2.9397311030232133e-16,1.0,-22.714682,40.411953,0.0,12.416571
0.0003822611,1.0,0.019104967,1.0,0.0,0.7442824026191309,5.616269e-11,447.09616,-366.17575,185.51993,0.008507501,0.1841949,648.5217344983746,2813.7203752099504,1029.5515020110113,2340.3199504868912,5.530902398715694,56.51782401086107,2.8142045e-05,0.012284178,1291.9921875,4737.3046875,0.07704177708756088,1.4688438921066302,-0.5879140661919066,0.5601761508733033,0.0126953125,0.2275390625,-3.513884644338286e-16,1.0,-19.541975,27.22089,0.0,9.483891
9.651647e-05,1.0,0.011673446,1.0,0.0,0.9249675088808043,1.6975818e-11,1074.1658,-413.8939,254.19089,0.0063051153,0.2535154,682.2850836692146,1363.929972651627,353.6715595792733,1314.6569797174516,2.1661350714211913,50.51698395895486,9.1513336e-08,0.00020403197,1098.193359375,2207.1533203125,0.038947690244194894,1.8020838653546787,-0.6482868120074275,0.6828192602843045,0.0322265625,0.1328125,-4.460485972506057e-16,1.0,-16.94308,19.543463,0.0,11.48776
7.150624e-05,1.0,0.02406626,1.0,0.0,0.7687306203221943,6.007884e-09,720.86694,-406.66623,189.9224,0.014520084,0.17547077,540.5783167479057,2874.0910031787344,941.3253941802261,2890.4391501743535,4.25995941088524,45.656498691109746,4.916282e-05,0.04831664,807.4951171875,6406.1279296875,0.0845488044628238,0.9184450221280442,-0.32626227475702796,0.519230957143008,0.0107421875,0.11572265625,-2.518998993919943e-16,1.0,-27.584305,29.437355,0.0,10.250389
0.0003675823,1.0,0.010644261,1.0,0.0,0.9259263806081303,1.531455e-08,338.5201,-410.64914,231.86789,0.0073898644,0.14869303,720.9226029659366,1986.865747142403,807.1337367506228,2096.5528923023157,3.8272811641250915,43.40477465409462,4.2514555e-05,0.0024387846,1141.259765625,4188.2080078125,0.04669752232280078,1.3748141433526018,-0.7155954628251496,0.5751172779127953,0.02587890625,0.1640625,-4.0904390615194644e-16,1.0,-21.300322,29.08632,0.0,8.639545
0.00026808376,1.0,0.013165404,1.0,0.0,0.8887288689273144,3.6388872e-07,1845.4102,-322.6363,149.77133,0.009044532,0.293201,893.4363032000972,5014.8592606470775,1586.143948374644,3405.354860234412,4.067262666501668,45.31722075702203,0.000196653,0.29002422,807.4951171875,8807.080078125,0.09289254792850271,2.753586313722572,-0.6376471798866988,0.6761441146954891,0.0205078125,0.32177734375,-3.3451989257013746e-16,1.0,-22.971792,26.518509,0.0,13.659717
0.0005880784,1.0,0.02434088,1.0,0.0,0.8049605086098627,2.2746972e-08,3196.4858,-314.5736,199.09412,0.026318269,0.35173303,597.8605387793474,2813.5175086252193,921.2389164798799,2644.8060289331456,4.47895901622287,49.12852204641821,5.2417945e-05,0.025715511,764.4287109375,5975.4638671875,0.1727490962026436,3.1981928566198703,-0.5171919334679844,0.4729487872969973,0.021484375,0.14794921875,-3.179906039013747e-16,1.0,-29.650764,39.128384,0.0,15.549097
0.0040855105,1.0,0.06108755,1.0,0.0,0.6686236566415312,2.8573363e-10,177.85043,-413.97855,279.0664,0.013585832,0.107084855,460.20295487322,1206.1422223215166,461.76471572505665,1393.208358103953,3.382742240878021,51.05661954936017,2.4038948e-06,0.000682637,1012.060546875,1862.6220703125,0.080367795200236,0.9998712067016314,-0.33878545835614254,0.2792099654696182,0.0126953125,0.13818359375,-4.42415779671051e-16,1.0,-9.572261,13.051865,0.0,6.813756
0.0014299847,1.0,0.026669048,1.0,0.0,0.7694991952059339,2.8921054e-10,564.60504,-513.73706,202.23389,0.0033106317,0.20307943,313.52398284421747,5048.860195844574,659.1422130679015,3007.2426401678126,4.4771530968528666,55.482129429635826,1.1480634e-05,0.137886,473.73046875,8064.1845703125,0.01628757413230913,2.5914042208014165,-0.534666303545237,0.519841132685542,0.01806640625,0.34033203125,-2.3468648029875175e-16,1.0,-33.09472,49.75774,0.0,9.505395
0.00061029434,1.0,0.02411706,1.0,0.0,0.8106403522197062,5.262558e-08,895.89844,-339.547,153.15984,0.01308796,0.2182496,1229.3106034735165,6172.169840595181,1443.9724812619027,3587.2704096739494,5.186475262696573,52.99620062477791,0.00020917159,0.29634032,2185.6201171875,9097.7783203125,0.10260882915824718,2.195161295257417,-0.4746587248102255,0.5084050595760343,0.02197265625,0.4716796875,-2.458644853736015e-16,1.0,-27.35446,29.380629,0.0,11.002172
0.00034068406,1.0,0.028000804,1.0,0.0,0.7187080035613471,6.1542865e-10,1498.1417,-370.94052,221.35178,0.014912573,0.25891966,441.29007402251943,7090.157926849656,798.5796492341815,4002.4076269077123,4.300927074704854,54.69813052548215,1.3022655e-05,0.12216554,592.1630859375,9743.7744140625,0.08897726887515622,2.3441022434673067,-0.3935946623935062,0.46768316626548734,0.01953125,0.56787109375,-2.734670931964661e-16,1.0,-29.542246,40.641933,0.0,12.326846
0.0003351082,1.0,0.017831292,1.0,0.0,0.8188087385858355,2.2577247e-09,811.09045,-374.91574,220.6077,0.009798339,0.22502303,607.9599060269835,2059.6809452674947,767.7542979949574,1749.776948916918,4.9769180863457,49.66776425310829,1.1699565e-05,0.0030952003,1001.2939453125,3660.64453125,0.09166594537495837,1.8771341789617397,-0.6331744017079477,0.4843256427719725,0.0224609375,0.1376953125,-3.896161480896424e-16,1.0,-26.968834,30.487207,0.0,10.402342
0.00054107956,1.0,0.02310933,1.0,0.005204649808279164,0.7943222967752618,2.567667e-11,3193.744,-243.79865,161.28311,0.02060848,0.4188764,1060.2625814062856,5504.922352354836,1307.856406592635,3815.8104127001884,3.4166881174340133,63.750993557310835,7.0986156e-05,0.17923552,1464.2578125,9980.6396484375,0.23260913361434502,4.566119612174153,-0.6023911061121258,0.4982105214148759,0.03271484375,0.5732421875,-3.3872578954981513e-16,1.0,-27.196072,33.732796,0.0,15.244233
0.00012608306,1.0,0.011566071,1.0,0.0,0.8365279758022655,2.4944228e-07,3054.7656,-341.31256,144.24603,0.005755865,0.39736116,703.8545614986022,3821.476508312291,1316.5816008819024,3370.3186867553477,4.020925893053007,52.33837927918293,0.0001322253,0.13995945,581.396484375,8559.4482421875,0.06692984332833764,4.218269154014541,-0.48275716044008776,0.6081126760691402,0.0234375,0.306640625,-3.0939071306677724e-16,1.0,-26.328962,41.991016,0.0,15.254574
0.0002747641,1.0,0.010217141,1.0,0.0,0.9414366152489277,5.7010833e-08,1112.8801,-307.76624,206.09296,0.014005256,0.22921382,638.3790093028864,2296.407769092566,1069.7295763372065,2295.5082259911255,3.448557800137225,51.80068745178929,5.634122e-05,0.01812263,785.9619140625,4360.4736328125,0.1140006467084556,1.6228950043038242,-0.531993687152863,0.7374576311558484,0.01123046875,0.130859375,-3.6986269799431584e-16,1.0,-19.650763,22.019232,0.0,11.9204035
0.00022586879,1.0,0.024692334,1.0,0.0,0.7425140468771879,7.0600104e-10,3500.6875,-342.2856,216.6189,0.017574487,0.43211326,660.9617255149242,6029.257336975051,904.7374128638588,3898.7674920275645,5.302084277699008,55.69228571727223,1.8426765e-05,0.08851503,882.861328125,9431.54296875,0.12143069225487307,2.830191115593066,-0.4464675782130321,0.5438549406826495,0.02099609375,0.28857421875,-4.2997637616987037e-16,1.0,-32.824352,31.277905,0.0,16.303356
0.0016500865,1.0,0.04157173,1.0,0.0,0.8577605799453404,9.680308e-08,1438.0636,-249.23915,171.23119,0.027942399,0.31632632,971.0880170093251,3105.274590117001,1240.4931072627305,2578.4172042334662,4.692024611247968,46.50809754734762,0.0002859034,0.05254175,2002.587890625,6233.8623046875,0.2489332665642518,3.280296905870425,-0.5351811279565708,0.39893657341599437,0.03125,0.1875,-3.3618152341310827e-16,1.0,-18.33116,30.659378,0.0,12.747786
0.0007260741,1.0,0.018948171,1.0,0.0,0.8185911963096395,2.924469e-07,519.2944,-276.78064,162.8612,0.019130968,0.21983232,1073.0070228213244,3588.8619707641637,1406.7370286594235,2825.0474362347536,2.970168200151985,46.4516748922108,0.00019211498,0.12945664,1808.7890625,7439.7216796875,0.17721686175000323,2.7079564085841104,-0.55226113088429,0.4827002473175523,0.02392578125,0.1767578125,-2.8116149437311733e-16,1.0,-23.175888,34.659573,0.0,9.619952
0.0013493898,1.0,0.025538983,1.0,0.000338588966997233,0.7844257761706198,6.816639e-07,1426.2672,-232.89082,146.9335,0.028223233,0.4073498,1420.5628361596173,3907.2295268536973,1521.1598286591534,3244.7045669449467,4.088940269756968,42.379868661386,0.0005463064,0.13152136,2530.1513671875,8139.55078125,0.260127716003173,4.92434731533921,-0.5148817378629921,0.4893015343695875,0.0400390625,0.23779296875,-5.163959225295561e-16,1.0,-24.791945,27.413685,0.0,13.48942
0.00018655957,1.0,0.010233138,1.0,0.0,0.8333112425712699,2.5298857e-07,2091.3652,-321.5322,134.6199,0.009904424,0.34647536,1001.9494074376018,4341.315595213064,1716.671562665754,3073.1808999991804,6.334861934490626,48.31458059082136,0.00023638821,0.24613298,1571.923828125,8419.482421875,0.09980662302106301,3.2250536164333092,-0.5465086078798704,0.7117873672395943,0.0224609375,0.33203125,-3.139576681441554e-16,1.0,-31.257404,35.953983,0.0,12.693458
0.0005300359,1.0,0.013919311,1.0,0.0,0.8260280136313438,7.24484e-09,802.93005,-302.2548,148.58215,0.01872915,0.2530857,1092.6902498748564,2717.5241494910742,1228.7099125617126,2304.036955051878,4.269239475919351,60.15258548246014,0.000112951304,0.028405026,2422.4853515625,4597.3388671875,0.15205208722925617,1.7613729710000559,-0.4910111222416169,0.7025641081267091,0.017578125,0.1630859375,-3.665411730429522e-16,1.0,-17.126308,15.604045,0.0,11.377145
0.0021841468,1.0,0.04191909,1.0,0.0,0.6956068606630323,1.3729838e-08,814.2962,-358.64993,155.20981,0.008314876,0.2347843,1107.7118051948953,4210.0968987225315,1482.3615685925904,2714.273804966111,4.118632969389804,46.44818982189489,0.0008150833,0.09313419,2260.986328125,6879.8583984375,0.07571284213400974,3.087110984201637,-0.46259202621877243,0.45932048031774,0.0390625,0.28173828125,-4.603544597603875e-16,1.0,-22.762833,38.892326,0.0,10.569142
0.0030396073,1.0,0.036662586,1.0,0.0,0.7132806978903786,5.3915212e-08,305.8768,-357.49075,182.27257,0.010279756,0.14004304,1062.944517589164,3326.9418475648085,1243.321105344595,2968.187696152194,2.0091443854923017,60.58530908570857,0.0005414963,0.067546204,1722.65625,6847.55859375,0.08496506787832957,1.854918869065187,-0.4239548835903413,0.45101341804246997,0.0341796875,0.189453125,-3.495762679510459e-16,1.0,-32.569237,34.766712,0.0,8.5120535
0.00027919782,1.0,0.033035588,1.0,0.0,0.6294113998045003,1.8848297e-10,378.72186,-469.35162,271.63538,0.0076947343,0.1450735,398.8683165085388,1102.1251211190397,371.3901859923161,769.781061177609,3.3491263398102777,54.63976418309507,8.4556314e-07,4.5401463e-05,570.6298828125,1571.923828125,0.04307192254616947,0.8108391829100664,-0.4541146233677869,0.45088424623164025,0.025390625,0.10888671875,-3.7822305815672464e-16,1.0,-12.558588,16.673885,0.0,8.666118
0.00092553167,1.0,0.022064948,1.0,0.0,0.8255931138623995,5.1436524e-07,2399.3691,-299.28964,150.03795,0.017464358,0.44866884,1125.1754148568918,4635.7432708093875,1580.1804833850197,3463.6558663867854,2.1590635747003057,45.64938568508812,0.00042596704,0.16314034,2271.7529296875,8839.3798828125,0.13483709828289236,5.976889096559961,-0.5004599805667113,0.5926987603306769,0.02880859375,0.31005859375,-3.6510592622959037e-16,1.0,-23.966724,31.052994,0.0,13.44393
0.00070296146,1.0,0.009761435,1.0,0.0,0.9092856418896488,1.22887525e-11,2856.7764,-349.04718,184.64618,0.010635941,0.35175204,794.229623019328,2531.82295799856,863.8007811625453,2191.7419300349893,2.2393733391408754,61.43064599756247,8.67683e-06,0.008299009,1582.6904296875,4188.2080078125,0.08245841854011672,3.246461196984157,-0.6481501972302796,0.7243393026292324,0.02587890625,0.19091796875,-4.511480363675047e-16,1.0,-17.327562,39.05465,0.0,15.209175
0.00043705432,1.0,0.014177844,1.0,0.0,0.8881662867202762,6.839902e-11,1857.159,-435.40955,167.62866,0.004044019,0.26768288,955.9643819348269,5348.35603534188,1190.816504317905,3615.4472068449336,5.0717787095881715,51.380320910039195,0.00013547485,0.15013616,1453.4912109375,9334.6435546875,0.025492245600982275,2.376239550492368,-0.73691123444587,0.6018853187561034,0.0283203125,0.26416015625,-4.175616607691517e-16,1.0,-22.28027,41.601616,0.0,13.695903
0.0012558409,1.0,0.0150224045,1.0,0.0,0.9497011721301624,2.0136511e-08,1669.3309,-440.62872,183.42087,0.004105489,0.28146926,602.0356304272827,3964.6478645858665,1101.60002386998,2672.9115093041623,3.0015830217081167,53.806925949982464,0.00012887103,0.09172475,613.6962890625,6438.427734375,0.0363545800888291,2.4834573559284845,-0.37698088468031876,0.694335788488388,0.01416015625,0.29296875,-3.8871216879010195e-16,1.0,-37.304573,50.984646,0.0,12.837172
0.00045883592,1.0,0.026720356,1.0,0.0,0.6868941221293008,2.914442e-10,1324.9303,-332.62994,206.27267,0.019052107,0.34896225,1050.1265122763339,2456.103872003515,938.0813926335363,1623.6215062640333,6.324912678130385,64.08376667050953,6.9469543e-06,0.0048778187,2196.38671875,3865.2099609375,0.11973182999866117,3.0680516890951743,-0.4918532427400355,0.503131933510303,0.05712890625,0.3017578125,-3.5603126168131277e-16,1.0,-21.392288,17.079197,0.0,11.971583
0.00039148945,1.0,0.032174613,1.0,0.0,0.77729606887636,8.719996e-09,484.84387,-412.93994,204.88022,0.014491722,0.16536982,367.63375691544866,2309.3694464399036,797.1326315054324,2738.856857153221,5.7296560762854085,68.1690911162386,1.988081e-05,0.012728237,430.6640625,5103.369140625,0.12004504865362693,0.9191766208785308,-0.4108933694660669,0.4676586957648392,0.01025390625,0.19580078125,-2.811623345576998e-16,1.0,-19.117533,30.03812,0.0,8.973312
0.00015945917,1.0,0.01230041,1.0,0.0,0.8776454275280193,6.80614e-09,956.28577,-421.78445,194.62999,0.007984336,0.22292243,596.9500406567785,5299.731348549836,948.9517367567483,3309.184004888376,4.829353967789876,43.980184281264236,2.2791728e-05,0.17854573,807.4951171875,8505.615234375,0.04112265840702647,2.027934736074334,-0.6625019025024697,0.5959729403257369,0.01806640625,0.443359375,-3.4815736732532436e-16,1.0,-30.184656,49.337627,0.0,11.249517
5.08047e-05,1.0,0.008277033,1.0,0.0,0.9471886349181929,5.5280356e-08,1863.5449,-381.49814,191.3086,0.0073486613,0.3209115,672.928401520432,2557.866848926822,1039.5998133572327,2202.2368608360157,4.756989693009883,44.66034216508561,3.3996002e-05,0.012705891,1033.59375,4177.44140625,0.05583201309497711,1.2831375602064234,-0.7805028883986702,0.8010443905368447,0.03173828125,0.26953125,-4.050661352486238e-16,1.0,-19.603104,23.471144,0.0,13.7747345
0.0019151038,1.0,0.0325018,1.0,0.0,0.756103982820632,2.3216497e-08,572.28925,-296.70392,184.70209,0.018464923,0.16222008,1009.220861070571,4149.210932397861,1185.2581819174795,2996.436084708623,3.7595113169384256,43.316017800824405,0.0001446086,0.115879126,1679.58984375,7644.287109375,0.15140238916552148,1.5332302944449534,-0.4881749935448175,0.4175837762041902,0.02587890625,0.197265625,-3.8107072053149973e-16,1.0,-19.277514,19.081127,0.0,10.064267
0.00024841665,1.0,0.02805492,1.0,0.0,0.6831702497795832,2.7511156e-08,384.41406,-367.7508,179.45593,0.017021915,0.13906783,834.159479561837,2855.2898208834226,1233.5907968311787,2706.0327932210675,6.127786887978555,45.837788542191866,0.000100870035,0.067678295,1162.79296875,5630.9326171875,0.09045926070516003,1.3131571847621755,-0.4186969632963147,0.5021714605391021,0.03515625,0.2373046875,-2.9365129254923805e-16,1.0,-19.806852,33.688972,0.0,8.899824
0.000314461,1.0,0.030430404,1.0,0.0,0.7059935102992028,7.293872e-09,5141.9863,-312.36234,155.31958,0.012634061,0.5176089,1092.8953912984641,4047.2468512480627,1260.6867628860607,2686.1059562738837,4.732048446355693,62.30409886708673,0.000117100724,0.07489651,1798.0224609375,7105.95703125,0.11636797208178547,3.4556604746331585,-0.42185294410887736,0.4350011926144356,0.03662109375,0.25732421875,-2.1893998995031322e-16,1.0,-21.56435,32.191048,0.0,18.253857
0.00080440775,1.0,0.02894032,1.0,0.001791746429678226,0.8681810003500662,3.368778e-11,812.14813,-260.56,132.0325,0.017437955,0.21959859,1018.7767688592008,6497.844844713201,1647.353254074848,3459.223725978825,3.580148666544974,60.47679440770852,0.00030815633,0.23343223,2497.8515625,9829.9072265625,0.19146936823713306,3.2093811671519865,-0.6276106964198628,0.5534074027091263,0.01904296875,0.5673828125,-3.1066493578884976e-16,1.0,-30.596455,23.382727,0.0,10.256905
0.0027225276,1.0,0.020372408,1.0,0.0,0.7787094387412774,1.2842098e-10,209.77008,-391.4385,257.8599,0.010919814,0.1190212,569.1978615045377,1286.2027260309594,526.6434377077326,1010.9861719163046,3.821908650708469,58.232891541953634,1.7942829e-06,0.00029545158,990.52734375,2508.6181640625,0.08440467311878505,0.8565461748434308,-0.509409733795372,0.4717618189752099,0.02392578125,0.13330078125,-4.725123658928062e-16,1.0,-12.99736,13.429582,0.0,7.6308894
0.00093125895,1.0,0.03650329,1.0,0.0,0.8045473931364179,3.9946726e-09,364.84024,-357.6482,205.65643,0.021201247,0.16207089,779.4583245418021,2428.52241857032,918.0292517974581,1766.976263747123,5.637690828527656,44.51796317601077,6.315584e-05,0.0044206083,1388.8916015625,4177.44140625,0.13615614740796922,1.3718423969900966,-0.5145571734756231,0.5710764645400271,0.05859375,0.20849609375,-4.788857060769569e-16,1.0,-22.718588,15.8599825,0.0,9.206224
6.5513574e-05,1.0,0.011743049,1.0,0.0,0.9083060426960013,1.5642025e-09,683.2036,-387.3026,215.32448,0.013583107,0.20195451,570.6203562545265,2459.188918814756,644.6475559190708,2184.117644769826,5.314199061759099,49.25609237708238,9.0597205e-06,0.019491661,764.4287109375,4931.103515625,0.08576959251895597,1.3109123035203096,-0.5908302451753699,0.6546744666993616,0.02001953125,0.1435546875,-4.012921454969081e-16,1.0,-18.447136,32.77889,0.0,10.757462
0.0008102476,1.0,0.018286943,1.0,0.0,0.8328885557634685,9.147932e-09,204.3084,-446.65317,211.73724,0.003384161,0.14161769,562.962865400959,4034.3587910849606,1004.1822934158954,3150.129388681194,6.756959074415453,53.81845617900521,7.058857e-05,0.08781468,753.662109375,7321.2890625,0.03191833526567289,1.5942380951521928,-0.5909078959375622,0.5353834422942251,0.015625,0.26123046875,-2.8361948512533985e-16,1.0,-21.16634,29.943138,0.0,7.455065
0.00020380125,1.0,0.019588139,1.0,0.0,0.8310914768049575,1.1815555e-08,1329.5122,-327.95328,223.63431,0.019325253,0.25811735,514.9164440771599,1621.1276831659018,643.0294119550782,1730.9995483098808,4.364247973890592,42.82106716877311,1.3889445e-05,0.0027157564,1012.060546875,2885.44921875,0.16305099603739484,1.5751534521847423,-0.5505334798133444,0.5403981506824492,0.01708984375,0.12646484375,-3.0351571984330746e-16,1.0,-16.676708,20.760527,0.0,12.324519
0.00072272174,1.0,0.020850357,1.0,0.0,0.7832867573747546,1.0634362e-10,1727.5034,-316.6498,241.94891,0.021966504,0.3253729,600.8182143511958,1331.461229754405,561.8582022678758,1906.2008689825825,2.657737498169404,65.83167509600929,9.0554e-07,0.0010991232,1119.7265625,2659.3505859375,0.1536176043081971,2.0860950257699984,-0.5633086618036036,0.4671235270798201,0.02294921875,0.10888671875,-3.11317088625837e-16,1.0,-13.354366,18.464725,0.0,13.078379
9.224201e-05,1.0,0.0093998015,1.0,0.0,0.7824835873497881,8.864155e-11,373.32184,-447.85785,230.55084,0.013032003,0.16716774,649.8719960922746,1798.0876858110853,564.4831154757396,1191.743089307259,8.56135524118491,61.59914672095733,1.5088507e-06,0.00037386682,1335.05859375,2810.0830078125,0.0652252890290214,0.837487830260892,-0.6332546933554116,0.6161012189764193,0.0419921875,0.18896484375,-4.2102882535574794e-16,1.0,-22.120497,18.21203,0.0,9.164694
5.5968332e-05,1.0,0.009098322,1.0,0.0,0.7864780406877292,8.397907e-11,2106.3696,-397.6225,244.89893,0.0075551327,0.28186014,321.9579348260383,1551.189475742747,428.7755821283957,1412.8987429938397,4.278038452146465,55.6459635017981,1.16484976e-07,0.0002841992,430.6640625,2723.9501953125,0.05249803005574228,1.1967998740297796,-0.6709055323153735,0.6333997955854562,0.013671875,0.17529296875,-3.8544839353541e-16,1.0,-14.067792,20.347132,0.0,13.553006
0.0012247592,1.0,0.021979623,1.0,0.0,0.9351695320707357,2.8047663e-11,1679.1763,-153.22093,127.57306,0.067162685,0.343877,1569.5932393774622,5154.961017081022,1653.4461924463246,3087.2299914493988,4.25923315575988,60.08463911330231,0.000661388,0.19579782,2853.1494140625,8387.1826171875,0.6368791364848851,5.243253382467094,-0.6140929375945021,0.5387858059257266,0.03466796875,0.3759765625,-2.917743935768794e-16,1.0,-20.084322,17.440025,0.0,13.055491
0.00013837544,1.0,0.015623033,1.0,0.0,0.7889458408182494,2.0090729e-10,888.1666,-511.09375,250.13196,0.003708357,0.25507832,512.159865479691,1695.6458097831855,548.2746705952151,1068.6176367067003,5.896789338175024,47.7425898687433,1.6119445e-06,0.000265132,559.86328125,2605.517578125,0.013688478655528288,2.1514357536584505,-0.5570852849632504,0.6107637528330085,0.01318359375,0.169921875,-4.1267330861150546e-16,1.0,-23.517117,27.576733,0.0,11.044514
0.0023220342,1.0,0.023568373,1.0,0.0,0.8238085545311841,1.6386354e-08,246.83691,-304.80203,204.17938,0.012300409,0.14357756,1040.2941777828582,2750.1841493179336,944.2753744630901,2548.3858750833156,5.993312490946629,43.99214559656075,0.0001320704,0.04436051,1614.990234375,5964.697265625,0.13632625803355367,1.354263223551302,-0.5555849118824329,0.49213774409145083,0.04345703125,0.1396484375,-2.8655653803057685e-16,1.0,-14.160212,18.359512,0.0,7.9840536
0.0030073298,1.0,0.04908579,1.0,0.0014631639217160173,0.7485977077100211,6.61006e-08,593.9223,-254.7359,178.44275,0.021539412,0.24861346,981.2462429482678,3332.2591113087146,1224.8166083404765,2686.113790205115,3.251484259797218,59.29626403810383,0.00024528365,0.062915474,2153.3203125,6664.5263671875,0.21209813707196734,2.990224173518767,-0.3763201758265498,0.46694369383139367,0.03369140625,0.267578125,-4.832929846514383e-16,1.0,-18.970228,21.82098,0.0,9.9608555
0.00047050213,1.0,0.03104488,1.0,0.0,0.7649986952882585,2.6910831e-08,106.88095,-437.1815,147.1769,0.0026874177,0.081130385,1007.1845515322461,3449.8348844071043,1383.3983499756418,2694.9114420037354,4.91123939744787,47.46215127057788,0.00011969465,0.027757945,1571.923828125,6287.6953125,0.027725325539527463,0.6035345901965684,-0.43204089355073205,0.4651504475623367,0.0380859375,0.33154296875,-2.9556130411987536e-16,1.0,-17.476515,29.903606,0.0,6.257255
0.0011532229,1.0,0.030774523,1.0,0.0,0.7429359759906956,9.59574e-08,1264.5338,-278.5724,157.04626,0.021254534,0.29414204,856.6349306165123,4206.353096332256,1380.814570832452,3361.979881679069,4.746321777731382,48.376273678593876,0.00023219177,0.08968936,1518.0908203125,9022.412109375,0.20924856020020624,3.0860670081017347,-0.46678154356777724,0.46830228830643184,0.03173828125,0.26171875,-2.7635548490590245e-16,1.0,-32.326134,34.12397,0.0,11.931561
0.0004138795,1.0,0.032572646,1.0,0.0,0.8255777450311753,2.9282871e-08,762.3703,-327.72266,239.4216,0.035803966,0.30919915,561.2853929740668,1935.1436146140697,722.3084719971072,1653.2570406153027,6.050464285475034,57.410661192147316,2.7486625e-05,0.0025436417,732.12890625,3908.2763671875,0.19599834006314037,1.95677831362008,-0.5919431280344728,0.5282082855837549,0.03271484375,0.14306640625,-3.677391878948497e-16,1.0,-14.699568,18.04302,0.0,11.096949
0.0014883769,1.0,0.052294757,1.0,0.0,0.6834222012444024,1.4750201e-08,243.59308,-391.56732,173.74765,0.009644735,0.13481261,603.8512111613412,3273.5261458954815,1152.468628060479,2978.9183613560444,3.199514838454709,57.1369641858506,4.4037857e-05,0.1078872,1152.0263671875,7278.22265625,0.06847447962801816,1.5125941250895756,-0.3868221454322344,0.3387752432246986,0.0078125,0.25830078125,-3.472338528862923e-16,1.0,-28.872826,41.28913,0.0,7.976691
0.00064220984,1.0,0.02379624,1.0,0.0,0.8783925067176216,1.0144905e-08,665.84247,-335.49142,179.62784,0.010819489,0.19804439,795.1600118513134,2760.937459446418,1210.6236140460521,2412.770159814014,5.743789286718254,51.63081424149032,7.925594e-05,0.037050694,1539.6240234375,5232.568359375,0.09028059243662025,1.6697334682506948,-0.6063910964876414,0.4307850877477666,0.01171875,0.1669921875,-2.8128832642767636e-16,1.0,-23.629654,35.090893,0.0,10.40239
0.0022820586,1.0,0.031657536,1.0,0.0,0.7695690546246526,1.5595086e-07,1810.5677,-236.27336,167.63629,0.02018523,0.303416,1069.6950454333771,5075.498275521278,1261.635934254096,3356.580787100419,2.431617781897981,49.02527582301256,0.00034821537,0.26179358,1991.8212890625,8602.5146484375,0.21706307135089828,3.1272978986290885,-0.46996098384261176,0.4877451919019219,0.03955078125,0.36865234375,-2.97654913871687e-16,1.0,-22.952396,26.918362,0.0,12.5390415
0.0008887163,1.0,0.02957138,1.0,0.002841109471292807,0.8782197496345836,1.5524554e-08,482.44135,-374.2758,180.03455,0.009624582,0.25178444,1073.1415675009653,7027.92070841333,1176.870717091734,3674.86256498969,4.46674675244577,54.7988984442468,0.00023642392,0.27844113,1496.5576171875,9872.9736328125,0.07640114598923456,2.7960132706784857,-0.4562784887533667,0.4890853541417561,0.0322265625,0.5947265625,-3.24745314669603e-16,1.0,-35.364853,30.452269,0.0,9.41856
0.0019898561,1.0,0.032195367,1.0,0.0,0.8481016242646641,1.7451898e-08,9.398923,-542.2129,158.91971,0.0012417118,0.024086699,963.9816726215669,3327.7619771331083,1546.8567716791758,3349.9825639896253,4.950436860277241,43.43479466410244,0.00033091728,0.049232453,1582.6904296875,8010.3515625,0.01129480386629793,0.19365037646414365,-0.4210931304842238,0.48029878735542264,0.01904296875,0.216796875,-3.6754433944130056e-16,1.0,-16.30337,29.649324,0.0,3.6280699
0.0007997881,1.0,0.013895288,1.0,0.0,0.8795026786744427,3.460169e-08,836.18317,-327.5997,168.92828,0.0130796125,0.3204904,907.3573080123948,4567.598069198354,1181.582009273077,3266.506666879455,5.414669800103413,52.87978159915852,0.00017469429,0.2218183,1431.9580078125,8677.880859375,0.10887170054367915,2.6581497559481058,-0.45237918756902284,0.6368342572823166,0.033203125,0.29443359375,-3.3715551591192765e-16,1.0,-28.778341,32.689774,0.0,11.330307
0.002257236,1.0,0.039332896,1.0,0.0,0.7248275949487087,1.2617566e-08,496.26892,-280.18805,175.74808,0.021404592,0.19949408,1178.0555608043346,3380.918618363134,1245.4631600337368,2044.584029606167,2.2757414687572775,45.28264054392619,0.00033105566,0.019729,2853.1494140625,5092.6025390625,0.20025209433431126,3.8673194370809987,-0.491823632270098,0.35014963522553416,0.06201171875,0.298828125,-3.037063666266366e-16,1.0,-23.281546,28.510118,0.0,9.039205
0.0014647365,1.0,0.02732243,1.0,0.0,0.7977458549760076,1.4450671e-09,1262.7472,-393.90665,229.25198,0.008397699,0.19620103,322.5655936273914,1662.6055276328882,552.0681966326308,1430.2576082835726,5.244444103415095,44.0095677439202,2.0407751e-06,0.0009507784,430.6640625,3154.6142578125,0.06052755660602789,1.026112552386973,-0.3629760652488454,0.4502148889005178,0.01416015625,0.14208984375,-2.373717990169121e-16,1.0,-19.534403,25.947626,0.0,11.376608
0.00083655224,1.0,0.049053364,1.0,0.0,0.7051950199841799,1.8178227e-08,213.18361,-245.69336,188.99994,0.05230083,0.11070206,1001.6129778191097,3818.145652333161,1209.5713509220432,3326.340298751955,4.120029714263393,46.61356241068076,0.00018295921,0.09471429,1744.189453125,7902.685546875,0.3877618595426503,1.1479451106052283,-0.42540960572660014,0.49296315434759,0.03173828125,0.21142578125,-3.4144457807569767e-16,1.0,-19.69787,18.180267,0.0,8.225175
0.0002630768,1.0,0.0062185186,1.0,0.0,0.8656344131867836,3.0580112e-09,655.96924,-344.60263,184.36536,0.017173186,0.2003395,1060.9237076512477,2073.9126059805203,1009.6135067371096,1749.5268113416444,4.193579197101402,48.19660062105592,2.439955e-05,0.0097959535,1539.6240234375,3445.3125,0.11093108084401311,1.6745486565809142,-0.6824482769532597,0.7329604199474214,0.03271484375,0.181640625,-3.8510638673114236e-16,1.0,-18.504639,25.660471,0.0,10.005916
0.00038339006,1.0,0.020049267,1.0,0.0,0.7459913724923527,4.714915e-10,606.6729,-366.29016,265.9795,0.03533948,0.16916996,531.2148067763226,1066.542131325743,360.6811707693822,1009.4645977660173,4.078151685847104,45.24208679636884,6.3312723e-07,0.00020876841,775.1953125,1604.2236328125,0.15246010391165576,1.0733000730266065,-0.5348595660179858,0.4809432904328502,0.03662109375,0.10791015625,-4.939285138695117e-16,1.0,-11.732087,16.11927,0.0,9.689752
0.00035562078,1.0,0.01484389,1.0,0.0,0.8916275847222279,2.1709448e-07,1634.4333,-272.21692,155.89368,0.022677584,0.32961845,962.1520011118745,5597.555197218739,1296.0254966752095,3170.5821940875494,4.572013625325142,54.18192329589441,5.2603962e-05,0.20111415,1873.388671875,8128.7841796875,0.21836634084825718,3.368841465641203,-0.6626164587214592,0.5754670947790143,0.02490234375,0.39404296875,-3.525818293125448e-16,1.0,-32.01827,39.949394,0.0,12.701094
0.00040973732,1.0,0.009684448,1.0,0.0,0.8614605826209565,1.487902e-10,555.62195,-342.28214,270.71652,0.055655565,0.18407084,457.25688881885304,1395.988029012707,531.1896982793717,961.7583182798813,4.126080836802341,42.98606313334098,8.0432517e-07,0.00030785942,850.5615234375,2497.8515625,0.3153056238732783,1.5096972701668685,-0.5922396006062632,0.6581985723039148,0.01611328125,0.107421875,-2.5918855200110577e-16,1.0,-17.821331,21.407541,0.0,9.69574
1.8659799e-05,1.0,0.0040545757,1.0,0.0,1.0,2.2713785e-10,1814.9587,-421.4415,197.83685,0.004010542,0.27602854,469.34995634987115,1587.5828378092629,396.7374392426654,2584.7541636241845,0.988960886992821,74.08317455080788,9.786478e-08,0.00062476937,462.9638671875,2444.0185546875,0.028217101822780054,0.6109430057921896,-0.8371347489759642,0.8717827145010233,0.01953125,0.150390625,-4.297714221099374e-16,1.0,-10.418867,9.6769085,0.0,14.006108
0.0021979988,1.0,0.018838301,1.0,0.0,0.6566256626945647,6.9124056e-10,321.77466,-386.22168,183.41562,0.021286165,0.19751093,736.7167419104229,3441.4384979139854,1056.614073447453,2336.072780883111,1.7805551278567044,54.372161436845424,2.4341256e-05,0.045059234,1582.6904296875,5684.765625,0.10124880811373844,2.268619612982586,-0.4724942501634361,0.48115420044117685,0.0341796875,0.2294921875,-2.563418025896031e-16,1.0,-32.91993,35.338566,0.0,9.216438
0.00078270835,1.0,0.021174962,1.0,0.0,0.7110433696007858,4.585321e-08,999.43097,-300.76508,181.9347,0.013670943,0.2031395,858.9698983011276,3308.690598621455,1221.8283658834966,3328.096204084573,2.5623044740862317,52.723183101215454,0.0001527825,0.061196942,1367.3583984375,8096.484375,0.12852005847831774,1.5097731183289693,-0.4304624390087336,0.4619586379012592,0.0205078125,0.15087890625,-3.4593964592549543e-16,1.0,-15.300226,17.391779,0.0,11.1530695
0.0008896889,1.0,0.056730393,1.0,0.03490994300752766,0.6477184821019172,2.7567773e-07,407.81497,-340.176,151.3613,0.009523294,0.2146308,1322.4641677461418,6326.965932685024,1570.8869441583731,3561.8543984028843,4.233107324498903,50.977415458366735,0.0012117936,0.26505527,2185.6201171875,9410.009765625,0.09206151611961365,2.487389989035229,-0.5317235000149731,0.43026107124547464,0.04541015625,0.56396484375,-2.9536240041483488e-16,1.0,-27.10368,41.297188,0.0,9.279916
6.573001e-05,1.0,0.006073056,1.0,0.0,0.9725083613992432,3.13322e-08,922.9604,-358.31836,169.79774,0.008736801,0.20721756,652.0455636077918,3104.3718070262166,1250.2553328484496,2684.0026786475773,2.4584974652380875,50.334300571130115,3.9603317e-05,0.117171235,1162.79296875,6115.4296875,0.07672841594010159,1.6466912137521657,-0.48648675158619903,0.8063937593251467,0.00830078125,0.15283203125,-1.8762824112971903e-16,1.0,-31.83611,29.035124,0.0,12.021139
5.970122e-05,1.0,0.015105227,1.0,0.0,0.8342200237548175,8.73018e-09,317.87076,-475.50613,182.99234,0.0034037714,0.10938983,487.17645250165947,3993.2499132303647,939.9412377137887,3317.8353341538113,4.09692492724818,51.16313710862262,2.0830395e-05,0.22308686,484.4970703125,8214.9169921875,0.024018088216181205,0.7828929415355839,-0.5258575882762675,0.5188997313380234,0.01025390625,0.185546875,-1.8402363843597562e-16,1.0,-26.120995,39.385674,0.0,8.398968
0.0016846108,1.0,0.041475687,1.0,0.0,0.702722426164613,2.189337e-07,462.19318,-289.78183,150.9141,0.012676847,0.18394214,1210.5263565225214,4182.276320349433,1484.3383748346166,3204.836999909287,2.175974253943263,45.39479024413758,0.0005418675,0.19367673,2013.3544921875,7945.751953125,0.1427859364491273,2.043005532617539,-0.4151402451097971,0.2890319099610246,0.0185546875,0.20654296875,-2.328347748473355e-16,1.0,-22.981583,25.011288,0.0,9.069283
0.00023931716,1.0,0.018212754,1.0,0.0,0.7329421126225693,2.0283476e-08,782.8172,-320.2164,166.92421,0.026208868,0.20674716,687.975906733802,2848.7116074819705,1313.9032087280025,2456.870586748795,5.646863966361826,51.17588623334065,0.00010626912,0.018244775,742.8955078125,5232.568359375,0.14702540925207574,1.9343837199023366,-0.49812735151499565,0.5333383237763715,0.015625,0.18115234375,-2.6379255269047306e-16,1.0,-21.768791,26.229095,0.0,10.281877
0.0024413832,1.0,0.046335112,1.0,0.0,0.639611204136881,1.4785825e-11,987.4408,-263.55075,259.0003,0.037877873,0.22534192,471.28707214786215,1502.9207711740717,636.0525144713739,1011.7227269238674,3.498377092756506,56.21348562464601,3.8125248e-07,0.00027942262,893.6279296875,2702.4169921875,0.32200167887368925,1.7098814043697277,-0.4187458083033567,0.3604748304933305,0.021484375,0.14208984375,-4.054955735297505e-16,1.0,-9.918429,10.772287,0.0,11.36645
0.00065564713,1.0,0.0257197,1.0,6.403263845547282e-05,0.7164012246671234,5.954664e-09,695.58295,-383.7034,245.46207,0.0123104965,0.25655276,671.137247198851,1330.7557711538539,623.7088270660261,1269.3406281063722,4.119757894879965,47.81760315692968,1.9242681e-05,0.00066638424,1141.259765625,2034.8876953125,0.07420144100694188,1.8400536390918147,-0.48100283028939383,0.4902669377624984,0.0283203125,0.11572265625,-4.036322566592167e-16,1.0,-21.937416,31.38018,0.0,10.304196
0.0015431369,1.0,0.04322537,1.0,0.0,0.7584658098123654,1.8687442e-07,1816.1198,-247.46158,160.326,0.029350946,0.29801196,880.6387324444729,4154.66126071097,1334.5989145223782,2960.2081129453886,5.078979503287821,50.833658146277415,0.00015811558,0.12472404,1658.056640625,7332.0556640625,0.25733304665952667,2.8028045243829784,-0.5104992439733639,0.4637678821371992,0.015625,0.2412109375,-3.931994383934798e-16,1.0,-22.52682,30.173288,0.0,13.549241
0.0059136106,1.0,0.053569656,1.0,0.0,0.6819835926431475,1.5317687e-08,28.28868,-437.10248,185.53543,0.0039633033,0.04689216,879.170146745402,4456.176747553423,1275.4324008657388,3192.0645318990423,5.76005915139838,48.416654826907426,0.0003144529,0.102636755,1173.5595703125,8171.8505859375,0.03901727927508055,0.7144910685325937,-0.35275223664939465,0.42068247497081723,0.02587890625,0.2802734375,-3.222437623112635e-16,1.0,-17.79864,32.665733,0.0,4.498674
0.0013032483,1.0,0.037310094,1.0,0.0,0.6746224269333061,4.2289912e-07,5016.0874,-271.52274,184.86115,0.019313715,0.44655952,599.3458737931171,3483.1614317102612,1203.3925190389552,2784.877800868002,3.0684056681207768,47.420269799461046,7.938012e-05,0.021129802,785.9619140625,6610.693359375,0.18228966182653955,2.870058784938911,-0.4713452988748937,0.49381001479923703,0.01806640625,0.3583984375,-3.9613428498415667e-16,1.0,-19.87985,22.497211,0.0,16.547424
0.00018948101,1.0,0.02249509,1.0,0.0,0.8364367568998243,7.546852e-11,1399.5529,-277.02496,195.26282,0.017499924,0.24946217,801.237051357366,1784.633951277115,792.5707850052105,1231.3454479404134,4.625755274973903,41.879651809766024,3.0285546e-06,0.00086285966,1431.9580078125,3294.580078125,0.2103495980235212,1.447727599095306,-0.6031999327242377,0.6065362250050051,0.02685546875,0.13671875,-3.812704114512686e-16,1.0,-8.976777,11.155011,0.0,12.7039385
0.0006030406,1.0,0.0446295,1.0,0.0,0.6478736419053176,1.2270253e-08,691.33624,-416.15805,194.53928,0.006240671,0.1965873,443.76752216525995,2729.9984004004677,886.269512804327,2895.097659504529,3.9678288106938506,51.09064379046887,8.588837e-06,0.051616315,710.595703125,6018.5302734375,0.047885236281265106,1.4533555044183963,-0.39837566204369107,0.34047418273985347,0.0087890625,0.13916015625,-2.3999516124212316e-16,1.0,-31.454924,28.161123,0.0,10.163988
0.0009995054,1.0,0.021715479,1.0,0.0,0.784880690425358,3.2774512e-11,410.647,-337.51828,255.59741,0.02094488,0.17459503,642.7806340252721,1290.9912195709292,550.2836378031659,1255.6563473641768,2.2875446123777934,69.05362458196298,1.0624223e-06,0.0007139945,1087.4267578125,2174.853515625,0.1413119258060968,1.1783315636128824,-0.5160482274368411,0.5328520573675628,0.02587890625,0.1123046875,-4.885058329984293e-16,1.0,-10.348809,9.470721,0.0,9.533707
0.00018672743,1.0,0.0103940265,1.0,0.0,0.9091117370984745,2.3320915e-11,3492.6602,-283.42392,204.87119,0.041090682,0.39802384,482.76833349585695,4258.911629269023,839.7561139928775,3482.5299042896822,1.598101923575601,56.11133529846765,7.68195e-06,0.026894122,506.0302734375,8085.7177734375,0.289128284172256,1.6103445394718834,-0.68558393051025,0.6287639159709214,0.0068359375,0.1513671875,-5.112173095133551e-16,1.0,-14.781443,20.660706,0.0,15.5259905
9.2612834e-05,1.0,0.010953152,1.0,0.0,0.9092776830655052,4.2078094e-11,1307.238,-410.82065,262.13214,0.018726708,0.26263708,312.6583084088498,893.6195657619263,269.35411866647826,1764.8373284989007,2.7690385534749336,49.38742326902678,6.197295e-08,0.0010081449,495.263671875,1130.4931640625,0.0780394732015417,1.1337489522710054,-0.6859329510480169,0.5653568981215357,0.017578125,0.06884765625,-3.4884979252533927e-16,1.0,-12.9108095,15.296306,0.0,12.241357
0.0006831285,1.0,0.019260876,1.0,0.0,0.8745666483672836,3.945881e-07,2532.4722,-274.1441,171.0459,0.025063233,0.3483457,895.160711424601,2457.644080551443,1362.7672193472551,2816.1044556897637,4.11935522650074,50.762042890432305,0.00018397474,0.03852397,1270.458984375,6190.7958984375,0.18735075406750795,2.4977270923600168,-0.6327072991755813,0.573328822563045,0.021484375,0.10693359375,-2.950891218137151e-16,1.0,-20.970406,31.074942,0.0,14.191131
0.0023688271,1.0,0.04478178,1.0,0.0,0.70750467563055,5.57601e-07,1080.1517,-212.44458,180.76857,0.021695554,0.24750718,832.0789385598173,3508.6050764021443,1238.4737617214391,2987.5797855480223,3.809709508676346,46.60693096875224,0.00031360093,0.17453977,1614.990234375,7310.5224609375,0.34853012853230364,2.3048326808201125,-0.3969059512019161,0.3856042472082256,0.0146484375,0.23095703125,-3.5897191621096183e-16,1.0,-16.345345,15.127746,0.0,11.861099
0.006273048,1.0,0.06620165,1.0,0.0,0.6434002018340116,2.0143247e-07,438.96246,-256.5726,188.97644,0.01913544,0.1431721,877.5729393577577,2759.940423384749,1239.5136148098584,2919.517477845627,3.6772576061608273,48.202040734267385,0.00024309085,0.03729606,1367.3583984375,6061.5966796875,0.20690831279365057,1.3140478179700197,-0.44742915292306584,0.3178774750638385,0.01953125,0.142578125,-2.9164114283945955e-16,1.0,-19.227528,20.390322,0.0,9.008506
0.0010517372,1.0,0.014905724,1.0,0.0,0.8896379202873355,2.8193346e-08,2172.2854,-321.84973,202.32777,0.036225423,0.33681354,470.5329666210439,1861.3297292720258,891.1462262271974,2133.287550881753,5.762808793146957,48.76982490270018,1.5496935e-05,0.0074803536,602.9296875,4112.841796875,0.2166791855534121,2.624343814025421,-0.6027664663270116,0.5684963879397723,0.00830078125,0.169921875,-2.6907057000659655e-16,1.0,-22.70424,25.756153,0.0,14.7739
0.0015832387,1.0,0.042933773,1.0,0.0,0.6788152323990526,1.4332697e-11,2198.357,-260.44693,191.40945,0.050008062,0.3292356,667.7326281112898,3426.108676500897,1069.2193323761971,2973.9398082273024,6.292478017151895,62.8964338745502,3.5344278e-06,0.01509442,1367.3583984375,7192.08984375,0.3119781142619693,3.256175960232921,-0.36738519370555917,0.4198837617703467,0.0205078125,0.20458984375,-2.5932613157733835e-16,1.0,-24.328592,27.110191,0.0,13.499404
0.0008342184,1.0,0.02503363,1.0,0.0,0.7889042478017001,7.450222e-08,862.27423,-319.37775,166.29071,0.011708496,0.23782599,924.2807400349088,4768.711269290566,1371.8671889293375,3188.75981892133,3.7671543227072632,65.81989326912834,0.00014143733,0.12804395,1356.591796875,9076.2451171875,0.12159974541056498,3.2968210531128324,-0.5859467014670374,0.5440233836265725,0.02685546875,0.3818359375,-3.2724037929212913e-16,1.0,-31.151525,36.493313,0.0,11.435456
0.0014391401,1.0,0.033995293,1.0,0.0011510146926210375,0.6583941850039137,1.2208761e-07,2183.1682,-173.66867,161.47705,0.07439943,0.3326882,1257.5707869999019,3876.3036304080347,1253.2922738964326,2949.725741225306,5.120153031509105,47.188854568360725,0.0005185621,0.14316906,2390.185546875,6987.5244140625,0.5957034855026068,4.278898681509846,-0.49127195589244393,0.4936857074499126,0.0537109375,0.220703125,-3.7056746119973663e-16,1.0,-13.405444,23.519688,0.0,14.420924
0.0028420738,1.0,0.043190643,1.0,0.008083489703408726,0.6941707359410266,4.042969e-08,572.9749,-336.0056,166.3537,0.008688755,0.20678678,1073.3097205529878,3644.8161333414578,1428.7768835181032,2387.418461479355,4.6418328570441805,48.56479232182903,0.0015224837,0.11674346,1765.72265625,5566.3330078125,0.08162901474873599,3.178075043734265,-0.3611108310851335,0.5277387574958438,0.0302734375,0.27734375,-2.572762823837625e-16,1.0,-27.534414,35.578434,0.0,10.131977
0.00048302978,1.0,0.051732704,1.0,0.004482245432721397,0.6653864417648672,1.18246835e-08,2116.3516,-282.64612,163.24002,0.023028865,0.3976457,888.936968415027,3000.513987431539,1262.431074963417,2377.7033474713385,4.631824710685543,55.79440175416197,0.00018118911,0.054388292,1884.1552734375,5717.0654296875,0.1653301401104189,3.4334643484704563,-0.36484103277325675,0.2884169109165663,0.02685546875,0.2421875,-2.908556106854373e-16,1.0,-22.201591,31.975904,0.0,12.924495
0.0010865199,1.0,0.02805492,1.0,0.0,0.8088958900468858,3.7326576e-08,631.09344,-306.2544,187.06265,0.02996942,0.19365981,699.9592791092698,3327.2322570866154,1091.2504202686673,2153.5412697910206,2.7535492841006732,73.32885620777279,4.8602957e-05,0.01866432,1464.2578125,5383.30078125,0.18044612865299323,2.061520784865978,-0.4235033830627806,0.4811061897106923,0.0185546875,0.236328125,-3.084686040409192e-16,1.0,-21.86678,28.683266,0.0,10.506658
0.0006496702,1.0,0.01762628,1.0,0.0,0.8203106376630499,6.397161e-09,622.6411,-410.89273,212.16898,0.0063204654,0.19259183,590.3163497158369,2844.7940629154364,866.6723398458832,2731.9711854757998,5.395166588614016,49.613030213592964,8.3235536e-05,0.05453776,1076.66015625,5792.431640625,0.04327976366535359,2.042985171714238,-0.5610228544101121,0.5930045787245034,0.01513671875,0.22265625,-3.260315876994903e-16,1.0,-28.0897,44.956905,0.0,10.45826
0.0013822265,1.0,0.03454522,1.0,0.0,0.6808110950618771,1.8552966e-09,570.54266,-256.71185,192.85239,0.024014544,0.1701435,898.6673725703837,2284.776272235282,1162.2488564331463,2325.3458767507213,3.1522728661105086,50.29439424309526,0.00026846872,0.01658204,1399.658203125,4392.7734375,0.21395618645747683,1.354896692551976,-0.486063916236163,0.4774813641764738,0.02783203125,0.13720703125,-4.199649191216872e-16,1.0,-11.438132,11.937911,0.0,9.468875
0.00046561158,1.0,0.02113042,1.0,0.0,0.8451734319137165,4.8809092e-08,875.5038,-331.19373,188.38266,0.017013436,0.20976059,730.8081093886519,2333.2080925731725,1212.4760001465222,2750.6990213900804,8.200664961256688,50.969620380310076,9.862374e-05,0.020954715,1098.193359375,4941.8701171875,0.12551251980327982,1.0563250763161478,-0.6238217336591841,0.5420974532413391,0.02392578125,0.16748046875,-4.763066136276355e-16,1.0,-13.1076565,25.912308,0.0,11.037172
0.00010972915,1.0,0.0062305983,1.0,0.0,0.8789041402253985,5.822587e-10,509.7404,-443.23648,218.42844,0.008210489,0.18595642,741.4696944136368,1870.7994383989217,676.9181231522052,1155.27254015634,1.2259154836087751,52.05866511193916,5.100276e-06,0.0007326131,1281.2255859375,2842.3828125,0.04731271539795694,1.3544326459203766,-0.7458992972970013,0.7613508154424201,0.0576171875,0.17578125,-3.105259089343312e-16,1.0,-16.898964,24.39322,0.0,10.216256
