chroma_stft_min,chroma_stft_max,chroma_cqt_min,chroma_cqt_max,chroma_cens_min,chroma_cens_max,melspectogram_min,melspectogram_max,mfcc_min,mfcc_max,rms_min,rms_max,spectral_centroid_min,spectral_centroid_max,spectral_bandwidth_min,spectral_bandwidth_max,spectral_contrast_min,spectral_contrast_max,spectral_flatness_min,spectral_flatness_max,spectral_rolloff_min,spectral_rolloff_max,poly_features_min,poly_features_max,tonnetz_min,tonnetz_max,zero_crossing_rate_min,zero_crossing_rate_max,tempogram_min,tempogram_max,mfcc_min,mfcc_max,mel_to_stft_min,mel_to_stft_max,class,song
0.001296091,1,0.03315357,1,0.003513688,0.739580818,8.89E-06,6547.407,-162.60739,148.07231,0.046069413,0.5618092,1221.529273,4570.820163,1702.378358,3664.812988,4.678993519,44.56660081,0.001114141,0.2776925,2174.853516,9011.645508,0.493847185,9.296593441,-0.472246764,0.572906146,0.020019531,0.305175781,-2.85E-16,1,-27.087835,25.198893,0,18.772789,1,Aa To Sahii (sahi)_shortened.wav
0.00273942,1,0.062056303,1,0.020606142,0.682328218,1.99E-09,3179.2095,-243.84023,156.03381,0.034614645,0.39592752,632.3242212,6936.124418,1547.110247,4183.868289,4.473241531,48.2533211,0.000153263,0.2334267,462.9638672,9862.207031,0.272143059,4.689746411,-0.39416284,0.438104222,0.008300781,0.543457031,-2.85E-16,1,-24.83185,26.813145,0,14.955276,1,Aadat (23)_shortened.wav
0.003432476,1,0.05628562,1,0.025010091,0.674344907,1.47E-06,367.87683,-197.41306,134.92323,0.032524504,0.14284708,1424.333284,6184.873692,1458.340225,3749.193572,4.52425266,49.78330974,0.001624198,0.29760408,2411.71875,9808.374023,0.376507883,2.228516032,-0.411923416,0.418524925,0.0546875,0.480957031,-3.32E-16,1,-14.765142,14.908866,0,9.169767,1,Aag Chahat Ki Lag Jayegi (1)_shortened.wav
0.000695596,1,0.049335267,1,0,0.777123324,8.43E-07,5928.974,-204.6526,162.19836,0.06270351,0.5817829,466.5422743,3801.743388,1243.743889,3634.983426,5.79013352,58.20211317,3.75E-05,0.14779983,398.3642578,8710.180664,0.456291173,5.27120694,-0.41894678,0.519693289,0.004882813,0.195800781,-2.44E-16,1,-29.71674,21.724106,0,17.88996,1,Aahista Aahista (16)_shortened.wav
0.000197125,1,0.02621045,1,0,0.782508902,2.60E-11,722.85565,-351.27094,223.6753,0.026053555,0.22989117,631.5224705,2572.757456,720.0005169,1769.65871,4.950755415,54.9950751,1.53E-06,0.009786909,1012.060547,4091.308594,0.216705911,2.183349111,-0.488055673,0.547118864,0.024902344,0.239257813,-3.61E-16,1,-22.297218,16.177706,0,10.572831,1,Aaiye Meharban (23)_shortened.wav
0.000124594,1,0.013096747,1,0,0.928615099,9.94E-10,709.6215,-409.90103,197.71417,0.012087218,0.17651464,489.1846405,4578.830347,677.382258,3418.72042,6.083228683,52.03248026,4.93E-06,0.05103654,592.1630859,7999.584961,0.083345093,1.206639783,-0.611612088,0.636245363,0.021972656,0.240234375,-3.63E-16,1,-21.252953,27.285273,0,10.434776,1,Aaj Bichhde Hain (5)_shortened.wav
0.000259464,1,0.03225534,1,0,0.701949427,6.61E-07,1528.7197,-294.83975,155.80933,0.021714397,0.259703,924.2592534,5679.562359,1438.374493,3915.845331,4.990507436,50.14028274,0.000214565,0.14729524,1528.857422,9905.273438,0.195189416,2.65175724,-0.422772003,0.501390606,0.017089844,0.406738281,-2.87E-16,1,-24.19627,27.294634,0,12.92068,1,Aaj Birj Mein Hori Mere Rasiya (1)_shortened.wav
0.001847255,1,0.04817686,1,0,0.701714866,2.03E-06,5830.0195,-280.0123,165.43355,0.05968459,0.5183307,744.0356456,6759.671583,1577.576953,4071.955898,5.551825069,41.12183716,0.000268148,0.161852,925.9277344,9851.44043,0.282743816,5.808031399,-0.341784021,0.383478172,0.006347656,0.583007813,-2.66E-16,1,-29.658289,31.250559,0,17.588463,1,Aaj Din Chadheya - Unplugged (1)_shortened.wav
0.001728098,1,0.011259014,1,0,0.847706695,4.27E-07,8043.006,-203.31387,127.131294,0.049116366,0.5687317,1539.690403,6637.539581,1847.886504,3643.825084,4.233269263,54.67985718,0.000459732,0.2085558,4037.475586,9216.210938,0.391884359,6.807016447,-0.670708439,0.615404981,0.020996094,0.5390625,-2.69E-16,1,-18.992962,28.65342,0,19.385265,1,Aaj Ibaadat (2)_shortened.wav
0.002210439,1,0.01786196,1,0,0.759144613,5.62E-08,5660.597,-277.34335,147.26729,0.039772995,0.46641555,1354.884837,7013.270066,1351.85542,4131.573546,4.125178044,54.48684212,0.000906246,0.19577463,1873.388672,10012.93945,0.222956887,5.697614061,-0.538630726,0.556131538,0.03515625,0.579589844,-2.75E-16,1,-29.131907,27.177643,0,17.315178,1,Aaj Ki Raat Koi Aane Ko Hai - Shalmali Kholgade (1)_shortened.wav
0.000294736,1,0.016199628,1,0,0.792345301,1.03E-07,5579.4146,-219.98251,132.53354,0.053179793,0.4837948,1410.043632,5564.936292,1767.512385,3935.266606,3.120750623,58.05108304,9.68E-05,0.26386374,2820.849609,9926.806641,0.342823075,6.272831856,-0.517055589,0.523417214,0.034179688,0.418945313,-3.13E-16,1,-21.148983,19.219143,0,17.3716,1,Aaj Ki Raat Koi Aane Ko Hai - Shalmali Kholgade_shortened.wav
0.001514525,1,0.03951441,1,0.001285534,0.813883333,7.73E-06,4527.915,-140.12665,126.58708,0.09620005,0.4706009,1389.960826,5255.654496,1945.461535,4274.078695,4.904427393,41.76324626,0.000919328,0.18810983,3273.046875,9905.273438,0.891643151,7.082890359,-0.447202187,0.442031391,0.017578125,0.327636719,-3.02E-16,1,-29.065348,30.25073,0,16.64202,1,Aaj Mausam - Mauli Dave_shortened.wav
0.000537126,1,0.03162122,1,0,0.781445311,1.27E-10,791.70544,-268.72043,251.6991,0.057955183,0.2179327,646.688883,2481.091044,622.3722189,1492.817841,3.97036706,55.14903598,2.85E-06,0.003339858,1184.326172,4134.375,0.420362817,2.108624139,-0.505899312,0.613417469,0.029296875,0.240234375,-3.69E-16,1,-15.475146,14.496671,0,11.031073,1,Aaj Phir Jeene Ki Tamanna Hai (11)_shortened.wav
0.004198222,1,0.03929968,1,0.028771767,0.582183859,5.04E-07,616.11194,-290.0823,143.27486,0.014132216,0.25830722,1458.792104,5461.258155,1515.033623,3436.108308,5.295842485,44.81660197,0.003372619,0.26894388,2691.650391,9183.911133,0.130999311,4.70924089,-0.288484178,0.359912294,0.060546875,0.556640625,-4.30E-16,1,-27.981915,40.6391,0,10.145825,1,Aaj Pyar Ho Jane De (1)_shortened.wav
0.000141829,1,0.028180325,1,0,0.736502543,5.22E-09,678.91376,-493.11237,184.0686,0.002780522,0.20970984,717.9369488,3011.629494,979.2406091,2670.307223,4.397968426,47.45922569,4.41E-05,0.030927386,947.4609375,6610.693359,0.016515255,1.877250086,-0.449436747,0.538840016,0.020507813,0.249023438,-3.23E-16,1,-18.728012,45.212753,0,10.268558,1,Aaja Aai Bahar (3)_shortened.wav
8.33E-05,1,0.008095639,1,0,0.918677672,2.19E-11,3841.834,-473.54263,215.46059,0.002663834,0.3903885,570.3811877,2773.680664,585.1477892,1955.949092,4.428209589,66.65253643,3.55E-07,0.002033626,958.2275391,4748.071289,0.009276191,3.231366723,-0.646907566,0.734859467,0.020996094,0.257324219,-3.57E-16,1,-41.264812,44.600746,0,16.607847,1,Aaja Piya Tohe Pyar Doon (14)_shortened.wav
5.35E-05,1,0.003577591,1,0,0.803839539,4.87E-11,3772.0693,-500.45288,192.79834,9.99E-05,0.37523407,427.4198946,3078.146198,429.5357381,2725.830825,5.923322801,64.51542878,2.88E-07,0.0356431,355.2978516,6266.162109,0.000700686,3.100462984,-0.684546503,0.706634661,0.01953125,0.282226563,-2.69E-16,1,-28.371273,49.32588,0,16.312717,1,Aaja Piya Tohe Pyar Doon (24)_shortened.wav
9.36E-05,1,0.01581086,1,0,0.862713618,3.87E-11,1230.3,-329.70364,197.83606,0.034669254,0.27690014,773.7404834,3271.723984,798.6054789,2444.994666,4.930479491,60.0211301,8.34E-06,0.013163836,1475.024414,6503.027344,0.176374123,2.638680695,-0.666870943,0.667973736,0.021972656,0.266113281,-4.06E-16,1,-19.24002,30.65316,0,12.375803,1,Aaja Re Mere Pyar Ke Rahi (me    2)_shortened.wav
0.00124113,1,0.029888129,1,6.62E-05,0.766272838,9.17E-09,1116.1802,-266.88742,172.71039,0.022093972,0.259372,1197.456182,3776.857794,1227.384228,3052.515895,4.763847357,50.70062942,0.000161029,0.0999813,2314.819336,7601.220703,0.193992795,3.554797224,-0.417743692,0.527111591,0.034179688,0.210449219,-3.21E-16,1,-25.34203,30.798018,0,12.012038,1,Aaja Shaam Hone Aaee (7)_shortened.wav
0.000525415,1,0.022360662,1,0,0.861631014,3.76E-07,3357.4802,-238.22096,144.08987,0.044279937,0.40768,1373.578906,4583.905338,1206.870833,3381.50499,5.008628065,64.05995162,0.000134245,0.22903852,2174.853516,8796.313477,0.377983963,5.497543351,-0.578766441,0.552864505,0.009277344,0.271972656,-3.84E-16,1,-14.377144,28.661854,0,15.716333,1,Aala Re Aala Ganesha_shortened.wav
0.001685054,1,0.034976847,1,0,0.740485899,1.31E-10,2072.4102,-240.51462,201.67426,0.04825708,0.3033448,933.5956725,3644.834477,1119.522175,2639.829065,6.282897398,55.17965022,4.95E-05,0.05662942,1981.054688,6201.5625,0.33898451,2.879581329,-0.414383665,0.460427748,0.020996094,0.236328125,-3.38E-16,1,-22.155184,23.35356,0,13.771552,1,Aanewala Pal Janewala Hai (22)_shortened.wav
0.002342549,1,0.0436283,1,0,0.746081658,1.73E-10,1455.2041,-279.481,203.37146,0.024788069,0.29133877,891.8778418,3708.409005,1007.956843,2695.552044,5.760864498,57.87569759,5.08E-05,0.042016152,1625.756836,6298.461914,0.207282708,3.006978927,-0.446934652,0.403385449,0.024414063,0.275878906,-3.75E-16,1,-28.64165,27.185131,0,12.247739,1,Aanewala Pal Janewala Hai (28)_shortened.wav
0.001012002,1,0.031424616,1,0,0.759832528,2.32E-06,785.39465,-233.1562,124.21545,0.031661414,0.21545267,1546.368548,6322.33782,1917.100518,3558.607545,5.393823211,47.64628907,0.002593336,0.2854082,3219.213867,9323.876953,0.272938028,3.122480502,-0.504745762,0.461844383,0.038574219,0.538085938,-2.91E-16,1,-25.65887,22.37412,0,10.72651,1,Aankh Hai Bhari Bhari - Female_shortened.wav
0.001812232,1,0.043238275,1,0.014138128,0.635114342,5.65E-08,512.23566,-305.96518,160.36928,0.01771606,0.1903946,964.7624234,6674.632474,1528.783172,3798.686519,5.182212314,40.83799932,0.000451876,0.14048311,1862.62207,9323.876953,0.13216108,2.74978301,-0.361094899,0.390741873,0.009277344,0.619140625,-3.45E-16,1,-43.11007,39.501537,0,9.676685,1,Aankhein Khuli (10)_shortened.wav
0.00041214,1,0.06885199,1,0.038165793,0.63249433,7.36E-07,605.4012,-324.20953,148.05304,0.018467221,0.25669837,941.8912441,6644.807807,1560.706571,3978.298488,4.289207738,41.62649534,0.000516426,0.21582668,1582.69043,9496.142578,0.114566732,2.672525445,-0.345130545,0.316319508,0.011230469,0.546875,-2.61E-16,1,-35.506214,40.2783,0,9.994557,1,Aankhein Khuli (9)_shortened.wav
0.000918383,1,0.028144786,1,0,0.667993636,1.54E-07,1041.2494,-250.08183,166.20868,0.045754325,0.23108783,1123.186616,4641.567039,1365.654159,3735.147532,4.466311632,42.57789837,0.000406931,0.10332528,1593.457031,9216.210938,0.329124934,2.719964341,-0.446509313,0.488400726,0.03515625,0.25,-3.34E-16,1,-25.959467,25.76129,0,11.502475,1,Aankhon Aankhon Mein (3)_shortened.wav
0.002620118,1,0.015973898,1,0,0.874325178,1.68E-06,2080.6753,-234.39342,139.54767,0.052093152,0.3649522,1262.76614,4778.197642,1605.294868,3517.842517,4.114633966,51.91299006,0.000947197,0.16173957,2465.551758,8893.212891,0.335364818,4.431554827,-0.604393639,0.623531192,0.018554688,0.317871094,-4.13E-16,1,-17.519283,23.34182,0,13.607127,1,Aankhon Ne Tumhari (1)_shortened.wav
0.002035843,1,0.05590901,1,0.015868306,0.676394559,6.22E-10,799.34186,-409.4687,206.35918,0.007542894,0.22927147,748.7740819,2540.558183,791.9654392,1328.414748,3.81806758,45.94637449,1.61E-05,0.000689652,1679.589844,3725.244141,0.050670008,2.152939146,-0.444099235,0.468870467,0.032714844,0.245605469,-3.02E-16,1,-26.16593,31.233248,0,10.780649,1,Aao Bachcho Tumhen Dikhayeh (6)_shortened.wav
0.001488545,1,0.08355035,1,0,0.697975074,2.66E-07,3835.9788,-256.871,178.8623,0.053099032,0.4764439,529.2196468,3036.370767,1104.520004,3275.258412,4.265918091,50.35672796,4.92E-05,0.08447557,506.0302734,7482.788086,0.290911137,5.6678343,-0.228906039,0.345166145,0.014160156,0.135253906,-2.41E-16,1,-27.839544,29.15385,0,16.102663,1,"Aao Balma (From Coke Studio Season, 3) (from coke  season 3 1)_shortened.wav"
0.001503049,1,0.09690832,1,0.008286605,0.648109657,5.80E-07,3667.766,-226.61995,176.63675,0.07418843,0.45021018,569.7617237,3612.759978,1176.134128,3475.610244,4.333167499,49.2824448,7.62E-05,0.10002119,581.3964844,8419.482422,0.502010149,5.945042512,-0.226718448,0.261316054,0.013183594,0.217773438,-2.45E-16,1,-28.975067,32.488697,0,15.278907,1,"Aao Balma (From Coke Studio Season, 3) (from coke  season 3)_shortened.wav"
0.000114058,1,0.014049098,1,0,0.865955053,3.29E-06,2988.3538,-301.42847,157.69128,0.01818846,0.35745937,610.5411435,5052.130485,1600.214852,4177.777854,3.805384109,43.35488338,0.000107872,0.16516225,570.6298828,9722.241211,0.12830921,3.398326274,-0.6733434,0.465825079,0.010742188,0.442871094,-2.89E-16,1,-36.577133,24.458246,0,14.781851,1,Aao Na Gale Lag Jao Na - Remix (1)_shortened.wav
0.002526068,1,0.037975837,1,0.000372301,0.724144951,2.28E-11,1946.9065,-490.8756,235.46234,0.00095551,0.34550127,812.8665865,2400.209473,636.1525643,1592.727896,4.257422798,64.29026489,1.54E-06,0.001639662,1345.825195,4080.541992,0.0086061,4.019915236,-0.400401596,0.513733072,0.029785156,0.22265625,-4.19E-16,1,-15.875016,56.399864,0,14.132511,1,Aao Twist Karen (27)_shortened.wav
0.001973498,1,0.059743237,1,0,0.789262019,9.21E-10,1468.8707,-225.05563,211.2746,0.058794774,0.25419745,588.2040378,3198.681459,899.4488595,2545.906539,6.387167722,59.9968495,1.00E-05,0.01263665,829.0283203,6373.828125,0.401897884,2.385730517,-0.410086758,0.450007664,0.016113281,0.290527344,-3.96E-16,1,-21.195248,15.3871355,0,12.710495,1,Aap Aye Bahaar Ayee (e 2)_shortened.wav
0.001053657,1,0.021879133,1,0,0.826363558,2.13E-11,1158.1993,-383.60193,175.10474,0.14764738,0.26480177,316.6985626,4863.696467,578.2217381,3275.367726,6.253419231,62.33711967,4.54E-07,0.061414193,312.2314453,8107.250977,0.293063371,3.243418065,-0.55873331,0.477375278,0,0.318847656,-4.63E-16,1,-18.479475,28.830538,0,12.059978,1,Aap Ka Chehra Masha Allah (4)_shortened.wav
0.000453742,1,0.020845976,1,0,0.81270259,1.70E-09,1534.389,-416.40884,201.4022,0.008695405,0.3113894,290.7813952,4446.821948,589.366741,3881.683361,4.773235198,49.43922348,3.18E-06,0.09722884,290.6982422,9119.311523,0.04987067,2.649923066,-0.616445387,0.665134306,0.008300781,0.181152344,-5.66E-16,1,-21.9974,26.18634,0,12.196384,1,Aap Ka Pata Hi Nahi (na)_shortened.wav
0.003260765,1,0.099464335,1,0.066362267,0.637329942,6.17E-07,1071.4005,-440.07047,188.50555,0.002977216,0.22888494,653.8633395,6773.712106,1428.259597,3822.868987,3.799697368,55.30856354,8.81E-05,0.33765984,742.8955078,9700.708008,0.03219765,2.993055912,-0.273616636,0.34002878,0.005859375,0.495117188,-3.70E-16,1,-30.934181,49.526863,0,11.614597,1,Aap Ke Aa Jane Se (10)_shortened.wav
0.001762576,1,0.03272201,1,0,0.848376279,2.18E-07,823.94214,-205.8017,161.04945,0.086329944,0.18857463,1074.085899,3529.168539,1451.375537,2799.032509,4.888472451,43.53756772,0.000344338,0.07395449,1927.22168,6632.226563,0.585741947,2.620028105,-0.559208985,0.349850028,0.024902344,0.245605469,-3.95E-16,1,-16.66153,19.144922,0,11.105064,1,Aap Ke Kamre Mein - Dil Mil Gaye (6)_shortened.wav
0.001269543,1,0.015417404,1,0,0.992529999,2.41E-08,2986.6423,-346.45746,176.8382,0.034835663,0.44888148,535.4069314,3805.234587,1047.352765,2694.560052,4.857788947,62.47438614,2.57E-05,0.045650788,796.7285156,6567.626953,0.141686209,3.936754041,-0.681084283,0.700678044,0.006835938,0.306152344,-3.00E-16,1,-20.287224,38.57315,0,15.627391,1,Aap Ki Ankhon Mein Kuch (12)_shortened.wav
0.001448125,1,0.025251187,1,0,0.892279855,2.65E-08,1788.1041,-264.36664,159.98923,0.042671278,0.3697424,936.776065,3961.589065,1355.166355,2704.128762,4.911107355,48.6860895,0.000170131,0.053300977,2034.887695,6675.292969,0.2454622,4.388197028,-0.525053585,0.571461936,0.018554688,0.328613281,-2.97E-16,1,-20.651176,29.851696,0,13.517197,1,Aap Ki Ankhon Mein Kuch (16)_shortened.wav
0.005380455,1,0.03502688,1,0,0.880453552,2.18E-08,1272.571,-263.3668,156.28024,0.062419206,0.33178973,982.6261366,3560.257885,1355.321773,2555.650769,5.90188789,50.49770411,0.000158827,0.04876135,2476.318359,6255.395508,0.270933002,4.404923537,-0.44056165,0.595642909,0.021972656,0.255859375,-3.20E-16,1,-20.5708,30.305344,0,12.498328,1,Aap Ki Ankhon Mein Kuch (23)_shortened.wav
0.000685367,1,0.03328169,1,7.44E-05,0.727908625,7.86E-11,531.92175,-359.0081,237.64719,0.00985546,0.2077745,716.3121432,2356.953051,679.3288827,1664.996775,1.60657548,52.59942722,5.05E-06,0.003176811,1205.859375,4349.707031,0.087277426,1.850240322,-0.533526303,0.525131316,0.025878906,0.189941406,-3.88E-16,1,-22.825014,28.10014,0,9.889741,1,Aap Yun Hi Agar Humse Milte Rahe (11)_shortened.wav
0.003497816,1,0.0459155,1,0.01007713,0.622659802,1.39E-06,1068.3503,-313.76282,126.00967,0.015880458,0.26492783,1051.883015,7099.351223,1878.79923,3766.200568,4.968292004,54.02349662,0.000573256,0.22328155,2056.420898,9765.307617,0.147155397,3.332708634,-0.300221883,0.452031424,0.012695313,0.557617188,-2.51E-16,1,-28.752468,39.219864,0,11.504793,1,Aapka Makan Bahut Achha Hai (1)_shortened.wav
0.001012255,1,0.03938463,1,0,0.699580923,6.83E-07,274.3994,-253.94016,140.19696,0.033868708,0.14770328,1272.552123,5948.783306,1614.467195,3582.926598,4.547077192,42.52785433,0.000823899,0.31354982,2820.849609,9410.009766,0.262263797,1.985374732,-0.362264998,0.425195517,0.0390625,0.456054688,-4.00E-16,1,-20.040197,19.905373,0,8.302368,1,Aapki Mehki Huyi Zulf Ko (5)_shortened.wav
0.003291079,1,0.020756137,1,0,0.90718911,8.13E-06,6411.039,-206.38333,156.42044,0.08903263,0.4914889,761.822279,5971.998417,1631.033344,4269.928652,3.469016373,48.77261436,0.000128059,0.27617303,968.9941406,9959.106445,0.749490688,5.70279909,-0.64219571,0.567568065,0.00390625,0.37109375,-2.52E-16,1,-23.004505,22.309565,0,19.52076,1,Aashiq Banaya Aapne (4)_shortened.wav
0.001998029,1,0.03831013,1,0,0.799900861,1.12E-09,753.7643,-272.0766,208.0729,0.03174035,0.1879494,776.3866654,2940.765485,945.8730946,2257.196003,5.053627935,53.54819766,1.99E-05,0.015149539,1313.525391,5404.833984,0.252703019,1.909100747,-0.369318044,0.469354732,0.0234375,0.261230469,-2.93E-16,1,-15.668611,22.086317,0,10.753438,1,Aasman Ke Neeche (21)_shortened.wav
0.001610026,1,0.03292278,1,0,0.801874096,2.68E-06,2649.7393,-179.43945,153.80508,0.0651625,0.394416,1010.669476,4680.132035,1588.479297,3570.664036,5.225375364,45.85654477,0.000595842,0.27114245,1819.555664,8753.24707,0.457106782,6.332597051,-0.465857156,0.433389712,0.026855469,0.295898438,-2.76E-16,1,-25.285387,31.774681,0,14.484142,1,Aasman Se Jo Gira Tha_shortened.wav
0.003205441,1,0.03590326,1,0,0.863843724,6.06E-07,3066.1848,-224.25435,168.75435,0.059924584,0.49814177,764.4211898,3967.067575,1293.638713,3503.383703,3.297213213,54.68574304,0.000145036,0.092596024,1464.257813,8634.814453,0.385736156,4.94063485,-0.483838123,0.58064045,0.01171875,0.206054688,-2.91E-16,1,-20.409729,32.246353,0,14.802981,1,Aasman Se_shortened.wav
0.001704447,1,0.013068762,1,0,0.92556361,2.54E-09,1387.1062,-430.78522,202.60399,0.01218947,0.23332016,355.5494963,5311.031795,677.2280072,3852.444695,7.618726502,49.03668333,8.29E-06,0.1623988,516.796875,8645.581055,0.055928063,1.596214683,-0.710131194,0.687871722,0.008789063,0.382324219,-2.00E-16,1,-23.923775,41.981277,0,12.439705,1,Aate Jaate Hanste Gaate (j  g 26)_shortened.wav
0.001181727,1,0.026194092,1,0,0.893210111,5.50E-09,508.76205,-376.71506,180.69556,0.019864736,0.19801244,767.752533,4186.19833,1072.14143,2741.717842,6.486219941,57.6926533,5.78E-05,0.04264769,1184.326172,6578.393555,0.133566053,1.824250762,-0.579431169,0.445100715,0.027832031,0.275390625,-3.86E-16,1,-23.527815,23.895214,0,9.644452,1,Aate Jate Khoobsurat Awara (32)_shortened.wav
0.003452521,1,0.034922,1,0,0.72883559,1.64E-06,4695.662,-189.8044,135.92178,0.04164137,0.5293351,1182.977548,6052.697522,1942.123621,3762.673505,5.346327216,47.11194668,0.000384506,0.2547754,2594.750977,9237.744141,0.397525953,5.978965349,-0.463276157,0.566923827,0.0234375,0.514648438,-3.85E-16,1,-27.027534,30.532755,0,16.649395,1,Aayat (4)_shortened.wav
0.000940935,1,0.032782294,1,0,0.718383318,1.61E-07,3758.197,-377.2771,200.99213,0.007669882,0.42970836,418.9987121,7496.863406,806.2027873,3780.41423,3.108080531,48.91959137,1.41E-05,0.26267946,258.3984375,9937.573242,0.082047032,4.183762475,-0.459150678,0.394345241,0.007324219,0.7421875,-2.51E-16,1,-29.654053,38.235764,0,15.126505,1,Aazmale Aazmale (6)_shortened.wav
0.00178616,1,0.04749062,1,0,0.702124983,2.86E-11,738.62885,-313.2264,174.50911,0.034405205,0.1874579,1261.510777,3441.697065,1292.322837,2408.789084,3.188058184,67.85337328,4.12E-05,0.008254785,2777.783203,6341.52832,0.180085083,2.905764665,-0.428977609,0.430386938,0.041503906,0.292480469,-4.00E-16,1,-14.635179,25.156809,0,10.701062,1,Ab Aan Milo Sajna (9)_shortened.wav
0.00297209,1,0.1026322,1,0.021854169,0.564482951,1.41E-06,6093.7734,-141.90976,123.98536,0.07961555,0.60958344,1445.43584,4797.915601,1932.729217,3711.640111,5.199040781,50.01178732,0.001096331,0.22900096,2874.682617,8645.581055,0.775071138,6.432414576,-0.223975983,0.252995767,0.01171875,0.318847656,-2.92E-16,1,-23.004976,26.909365,0,17.684261,1,Ab Hain Neend Kise Ab Hain Chain Kahan - Duet - With Beats (c     1)_shortened.wav
0.000489211,1,0.050867923,1,0,0.685815836,6.41E-08,746.6488,-337.44696,157.85225,0.025758468,0.19633658,772.3009026,5028.762257,1268.528303,3709.925587,4.427464435,48.8354052,0.000176589,0.12332705,1442.724609,8850.146484,0.135049686,1.778510899,-0.380669292,0.450057723,0.019042969,0.2890625,-2.78E-16,1,-31.339172,24.864273,0,10.790015,1,Ab Pal Beete Na_shortened.wav
0.000181247,1,0.009526403,1,0,0.893819139,9.51E-08,5800.339,-306.2993,181.32681,0.023830077,0.5358602,636.0293303,6083.089417,964.8081383,4003.087971,7.056850724,58.8891789,0.000106189,0.15615623,592.1630859,9937.573242,0.1920883,4.904105143,-0.698291442,0.781170118,0.01171875,0.482910156,-2.66E-16,1,-22.300184,32.830036,0,17.251263,1,Ab Raat_shortened.wav
0.000743304,1,0.032820612,1,0,0.864008914,2.49E-09,3951.6262,-343.0951,160.61157,0.011371752,0.43993905,865.8987461,5937.1974,1610.823343,4104.788535,5.005372579,50.4257051,0.000292959,0.20225556,1399.658203,9797.607422,0.082055132,4.599903047,-0.568613548,0.398126226,0.010253906,0.431152344,-3.05E-16,1,-25.456896,34.541664,0,16.149504,1,Ab To Forever (14)_shortened.wav
0.002834017,1,0.08917975,1,0.001714959,0.691293796,8.68E-07,2945.4573,-290.62814,159.14471,0.015303128,0.4570681,784.2448414,4972.575392,1402.04454,3803.635437,3.791075995,47.93041708,0.000106941,0.22205085,1388.891602,9453.076172,0.139437804,6.085060252,-0.324046087,0.380573288,0.010253906,0.27734375,-2.19E-16,1,-31.31978,33.716087,0,14.130645,1,Ab To Forever (15)_shortened.wav
0.002748909,1,0.04139247,1,0,0.766194039,4.41E-07,2073.6907,-162.88126,169.68329,0.07080159,0.42406937,1031.779583,6302.312607,1331.219036,3413.152792,4.630456455,50.49802148,0.000384875,0.21541607,1819.555664,9000.878906,0.680835826,6.333535086,-0.40490658,0.52463782,0.022949219,0.560546875,-3.59E-16,1,-24.911358,26.533092,0,13.693805,1,Ab Tu Bol_shortened.wav
0.004547661,1,0.017467033,1,0,0.879467935,3.53E-06,6628.017,-195.36414,135.8838,0.041897904,0.5334259,986.7630868,7266.239054,1690.412838,3936.345931,4.802329406,47.71070033,0.000668189,0.19517572,2185.620117,9797.607422,0.423446851,7.62769402,-0.654376471,0.620891233,0.011230469,0.591796875,-3.40E-16,1,-18.369635,28.104069,0,18.616882,1,Abhi Abhi (From Jism 2) (from  2)_shortened.wav
0.000176687,1,0.007234118,1,0,0.895054427,5.01E-08,1253.1381,-350.92917,157.08203,0.01472824,0.3073089,530.0362829,6979.790314,1270.774237,4060.124352,4.03178962,51.76230424,5.85E-05,0.22193176,484.4970703,10012.93945,0.100149348,3.024495824,-0.668232324,0.749171293,0.012207031,0.534667969,-2.75E-16,1,-24.410988,37.957573,0,12.192601,1,Abhi Na Jao Chhod Kaar - Unplugged_shortened.wav
0.000536041,1,0.042595685,1,0,0.769940957,1.34E-09,1764.7018,-261.61124,210.91122,0.03340251,0.28548974,819.2258761,2765.967486,970.8232779,2228.367849,4.067433341,50.82003804,2.40E-05,0.020629765,1636.523438,5200.268555,0.245224504,3.144260776,-0.497729924,0.456793848,0.01953125,0.248535156,-3.38E-16,1,-22.58923,26.67069,0,12.915437,1,Achha Ji Main Haari Chalo (19)_shortened.wav
0.000338138,1,0.026620355,1,0.000451844,0.717415697,7.68E-10,2196.1438,-419.872,196.56575,0.002361195,0.32906377,711.4948702,2972.748513,951.5484591,2285.362457,4.277697939,51.00779091,1.21E-05,0.036809947,1195.092773,5717.06543,0.027793533,3.087745694,-0.491375437,0.50076887,0.016601563,0.262207031,-4.10E-16,1,-28.874763,31.238556,0,14.663048,1,Achha Ji Main Haari Chalo (29)_shortened.wav
0.000177703,1,0.013806555,1,0,0.845653263,6.27E-10,934.7296,-318.7593,218.38086,0.022542752,0.22044988,751.9607715,3221.063787,887.3901354,2553.415838,1.850608684,54.74418336,1.12E-05,0.02111654,1162.792969,6104.663086,0.201501548,1.815594234,-0.630445411,0.63376959,0.022460938,0.293945313,-3.50E-16,1,-24.916155,31.379396,0,11.509709,1,Achha To Hum Chalte Hain (27)_shortened.wav
0.000766496,1,0.02883372,1,0,0.833056921,2.86E-10,776.65405,-356.99417,226.01593,0.015707858,0.20789292,609.6380712,2875.21868,769.7196373,2580.889872,3.778174577,60.11291156,1.77E-05,0.009433894,1152.026367,6352.294922,0.110099411,1.948932192,-0.588473337,0.559946604,0.020996094,0.256347656,-3.28E-16,1,-25.820387,34.273754,0,10.768176,1,Achha To Hum Chalte Hain (28)_shortened.wav
0.000243078,1,0.02931388,1,0,0.699993452,2.40E-10,678.5347,-323.33966,221.09634,0.023373885,0.19516863,756.5584069,2844.483201,881.7941363,2460.064513,4.886392531,61.01188083,1.46E-05,0.014925815,1162.792969,6007.763672,0.171075353,1.782227274,-0.482971665,0.514606613,0.016601563,0.270507813,-3.82E-16,1,-25.235428,31.252254,0,10.285097,1,Achha To Hum Chalte Hain (39)_shortened.wav
0.000380099,1,0.03183587,1,0,0.722011696,3.43E-08,2239.2693,-368.19138,195.53212,0.011603517,0.362373,605.5075699,3044.574578,1049.414699,2695.571421,2.950749488,49.20698081,5.69E-05,0.01703816,1044.360352,5878.564453,0.081660009,3.636291581,-0.518549342,0.547524087,0.016601563,0.260253906,-3.81E-16,1,-28.195335,26.400215,0,14.1727,1,Ada Qatil Nazar Barke-Bala (barke bala 1)_shortened.wav
0.00047632,1,0.041411187,1,0,0.72174121,2.21E-09,1407.3892,-220.64389,182.1377,0.06260806,0.27457416,1079.658696,4080.920196,1171.682383,2619.49275,5.433950365,47.56156853,0.000141768,0.051720396,2110.253906,6589.160156,0.428913515,3.062900602,-0.499193443,0.426238576,0.033691406,0.375976563,-3.95E-16,1,-19.290228,20.783928,0,12.61678,1,Adha Hai Chandrama (6)_shortened.wav
0.003579025,1,0.039785974,1,0,0.749203801,4.67E-06,7090.3066,-138.79097,167.6106,0.09097463,0.5602545,538.188807,4973.080227,1256.176304,3699.64656,4.279793587,46.90351236,8.31E-05,0.13093701,915.1611328,9410.009766,0.7758654,4.833844501,-0.460596809,0.293927208,0.010742188,0.239257813,-3.47E-16,1,-18.19437,21.467524,0,18.583515,1,Ae Dil Hai Mushkil Title Track (From  (from     3)_shortened.wav
0.000148596,1,0.017924115,1,0,0.888674002,1.03E-09,2205.9324,-228.42584,156.44757,0.031703163,0.3803726,1187.647741,7208.134631,1618.725455,4091.521559,4.709261446,61.29075986,0.000262893,0.20011923,1722.65625,9926.806641,0.333676516,3.744743682,-0.605330383,0.55491463,0.021972656,0.541503906,-2.93E-16,1,-24.841005,30.808176,0,14.04301,1,Ae Mere Watan Ke Logo (2)_shortened.wav
0.001832343,1,0.053105425,1,0.003722079,0.715016507,7.89E-08,582.05756,-419.4048,171.27579,0.018286835,0.20056029,788.3028442,7398.149847,1507.268543,4092.316422,1.758531218,55.80336605,0.000120472,0.26922035,1055.126953,9926.806641,0.084688122,2.183755748,-0.269283619,0.43591187,0.012695313,0.655761719,-2.72E-16,1,-33.30212,46.31173,0,10.221008,1,Ae Nazneen Suno Na (From  (from dil hi dil mein 4)_shortened.wav
0.001723417,1,0.061972532,1,0.000120188,0.669265968,7.42E-07,463.8196,-332.0814,168.51611,0.02316489,0.19455206,776.9361421,7217.863071,1371.888293,3919.344614,4.305678607,50.91308054,0.000187001,0.27156582,1130.493164,10120.60547,0.120683107,2.054912191,-0.216507107,0.310748084,0.013183594,0.567871094,-2.77E-16,1,-24.47103,31.999151,0,9.912701,1,Ae Nazneen Suno Na (From Dil Hi Dil Mein) (from    mein 3)_shortened.wav
2.35E-05,1,0.003013731,1,0,0.794305745,4.50E-11,1235.3191,-496.17188,195.68024,0.002476573,0.24620984,308.8513284,6285.599306,471.751526,3093.236458,4.860287413,68.6235241,2.47E-07,0.04238741,301.4648438,8074.951172,0.014026156,1.267945762,-0.785897841,0.764507067,0.014160156,0.621582031,-3.20E-16,1,-34.53381,40.570038,0,12.579216,1,Ae Phoolon Ki Rani (7)_shortened.wav
0.000897546,1,0.043714773,1,0,0.653043731,2.55E-08,505.9354,-353.80255,178.39511,0.018651132,0.17816423,853.072022,2982.400122,1231.494894,2424.514606,4.926405886,54.18570301,0.00021215,0.0219513,2131.787109,4651.171875,0.163028677,1.741791553,-0.330882123,0.413119033,0.020996094,0.309082031,-3.36E-16,1,-22.476147,26.923164,0,9.984463,1,Ae Yaar Sun Yaari Teri (i  4)_shortened.wav
0.000610078,1,0.03602678,1,0,0.775670482,1.29E-09,894.9506,-346.9957,193.86371,0.023993155,0.21972026,557.8121952,3471.938028,1025.96975,2670.992164,4.425858104,55.14382396,4.54E-05,0.023177806,753.6621094,6104.663086,0.167426103,1.586607678,-0.445159173,0.452171659,0.015136719,0.305175781,-4.57E-16,1,-24.483805,27.504742,0,10.673951,1,Aey Sanam Ye Bata (1)_shortened.wav
0.001729268,1,0.028427154,1,0,0.773167876,2.02E-09,6302.7793,-275.066,169.01395,0.055559553,0.53784376,617.9871743,4298.054163,1239.398611,3677.898881,3.127831994,56.88912722,7.22E-05,0.13361141,796.7285156,8914.746094,0.343153533,4.373840217,-0.523861062,0.58802255,0.006347656,0.19140625,-2.79E-16,1,-24.564056,35.222046,0,18.3084,1,Afeemi (3)_shortened.wav
0.001201389,1,0.028865336,1,0.003526359,0.788366136,1.04E-07,2649.527,-332.5422,154.30014,0.007472447,0.3385951,1167.725062,6472.907613,1378.519414,3510.956066,4.074606189,55.2360978,0.000461655,0.31792873,2605.517578,9022.412109,0.101219391,3.276667092,-0.488514517,0.448942808,0.023925781,0.540039063,-2.99E-16,1,-20.889004,31.528082,0,14.641178,1,Afreen Afreen (6)_shortened.wav
7.89E-05,1,0.017794682,1,0,0.872221404,2.24E-09,1140.6212,-452.9635,199.94974,0.009888155,0.25520203,611.421278,5307.389332,924.3232587,3802.570235,5.130451975,50.77637536,1.25E-05,0.1635607,1291.992188,9506.90918,0.049654033,2.57225413,-0.535463415,0.483302931,0.012695313,0.41015625,-2.98E-16,1,-31.443502,59.524227,0,12.573117,1,Afsana Suno Afsana Dil Walo Ka (1)_shortened.wav
0.000416103,1,0.035895705,1,0,0.739944773,6.22E-09,1056.0991,-269.45093,184.32692,0.025451427,0.2396989,1037.155633,4078.080574,1088.520352,3631.740243,4.127118377,47.31613495,9.89E-05,0.07899965,1948.754883,8839.379883,0.212192335,2.878332581,-0.426021298,0.434661413,0.036621094,0.228027344,-3.23E-16,1,-24.68165,23.727087,0,11.968942,1,Agar Kubul Hmara Salam Ho Jaye (2)_shortened.wav
0.000436917,1,0.022667484,1,0,0.883192318,1.38E-09,1810.5253,-408.98264,139.78271,0.005906737,0.34553105,1215.265531,6631.267036,1622.911314,3621.172659,4.967518009,68.024743,0.00018096,0.35753992,2045.654297,9539.208984,0.05225425,5.717941099,-0.664009824,0.491866062,0.020996094,0.6171875,-2.86E-16,1,-31.061077,45.08785,0,13.163725,1,Agar Tum Mil Jaao_shortened.wav
0.000596327,1,0.006794763,1,0,0.933882505,2.39E-06,2509.7761,-263.06723,138.44351,0.018724423,0.41321826,1106.922978,6162.38445,1704.254106,4000.261458,4.818060254,44.19661476,0.000333836,0.32333896,2217.919922,9959.106445,0.181616249,6.973724695,-0.658218809,0.742751978,0.022949219,0.407714844,-5.74E-16,1,-27.159962,40.205475,0,13.849324,1,Agar Tum Mil Jao (31)_shortened.wav
0.00146413,1,0.01471561,1,0,0.800693296,1.97E-11,8653.533,-406.21506,168.43184,0.014897109,0.57542187,675.5109219,4844.103306,1294.072973,4283.447609,4.951785948,64.62760594,5.55E-06,0.163035,1098.193359,9829.907227,0.069488743,4.439307632,-0.614480153,0.647853807,0.008300781,0.270019531,-2.44E-16,1,-48.367878,35.493435,0,19.739708,1,Ainvayi Ainvayi (10)_shortened.wav
0.001348651,1,0.06444807,1,0.011639281,0.76876256,2.03E-06,2981.5435,-196.86441,170.18164,0.07544092,0.3524449,1014.635786,6486.213768,1495.458444,4035.086127,5.658954502,50.59137842,0.000403701,0.22469535,1981.054688,9926.806641,0.567203502,4.115347434,-0.420388442,0.310774689,0.014160156,0.55859375,-3.63E-16,1,-26.100597,27.694723,0,15.226595,1,Aisa Des Hai Mera (9)_shortened.wav
0.001313757,1,0.018882466,1,0,0.809755181,1.84E-07,405.212,-448.37393,128.8298,0.00440876,0.18725279,1450.097196,5648.300888,1867.999162,3832.320706,4.032126406,45.31416725,0.000792505,0.23845394,2960.81543,8979.345703,0.028544806,3.121253283,-0.536306742,0.476479063,0.026367188,0.538574219,-3.32E-16,1,-35.534447,44.986046,0,8.893119,1,Aisa Lagta Hai (23)_shortened.wav
0.001305165,1,0.034702227,1,0,0.798065245,1.74E-07,603.7209,-259.1442,132.52457,0.041113213,0.21076924,1488.987909,5293.734353,1623.311161,3543.192689,5.680474795,46.39413362,0.001277866,0.2061835,2616.28418,8580.981445,0.241841156,2.735648623,-0.553640203,0.563744439,0.042480469,0.409179688,-2.58E-16,1,-22.510899,24.255404,0,10.280567,1,Aisa Lagta Hai (24)_shortened.wav
0.001276929,1,0.015992392,1,0,0.794230948,1.59E-06,394.0693,-256.8881,128.9666,0.029585877,0.19192356,1461.412251,5642.341841,1748.838644,3445.629074,5.893118289,46.25937357,0.000887144,0.2071994,2831.616211,8742.480469,0.282330681,3.085085261,-0.539913963,0.47510975,0.029785156,0.458007813,-3.04E-16,1,-22.034742,21.987656,0,8.896096,1,Aisa Lagta Hai (25)_shortened.wav
0.000455732,1,0.025681391,1,0,0.706707983,1.50E-11,345.03165,-303.06714,224.60455,0.034519363,0.13684772,943.8361828,3547.840266,874.7588884,2346.058626,4.823263736,66.04451836,1.90E-06,0.003315602,1905.688477,6276.928711,0.308043793,1.355573138,-0.524519555,0.552955667,0.034667969,0.363769531,-4.18E-16,1,-16.208647,16.88356,0,9.005019,1,Aise To Na Dekho Ki (4)_shortened.wav
0.000298115,1,0.023484712,1,0,0.842501713,6.72E-09,837.54663,-389.38553,180.23108,0.007356863,0.21841553,819.185872,2789.885952,1184.090582,2203.011427,4.976647069,45.22016682,0.000129807,0.031732246,1291.992188,5254.101563,0.052641245,1.775167926,-0.571677421,0.59037563,0.026855469,0.229003906,-2.81E-16,1,-29.787397,31.802309,0,10.996207,1,Akela Chal Chala Chal (a  2)_shortened.wav
0.002368396,1,0.08256384,1,0.00172288,0.532334868,6.54E-09,1984.9303,-340.15872,184.52257,0.062155083,0.36078763,402.3800003,5888.438739,809.4906771,3926.69994,4.684051599,50.9190906,2.95E-05,0.23728192,764.4287109,9668.408203,0.286207013,4.602765881,-0.356191587,0.291324411,0.019042969,0.458984375,-3.64E-16,1,-37.880844,53.915874,0,13.370176,1,Akh Ladiye (5)_shortened.wav
0.001529077,1,0.024703719,1,0.001150292,0.684586293,1.09E-06,2286.589,-223.39334,166.06952,0.03509386,0.36827812,583.7174076,5431.983416,1205.554084,3845.046989,4.26720961,55.34434514,0.0001215,0.31581166,818.2617188,9636.108398,0.274504497,5.499474239,-0.42577366,0.454199087,0.015625,0.4609375,-3.66E-16,1,-28.12209,24.391539,0,13.656246,1,Ama Teri To_shortened.wav
0.001271444,1,0.031172207,1,0,0.751390563,8.52E-10,326.71185,-384.16977,214.40475,0.011257574,0.1188613,535.6101769,3913.338637,721.9708496,3082.501944,6.280792054,47.28659854,1.79E-05,0.10152434,775.1953125,7493.554688,0.107751091,1.218051375,-0.425261889,0.425244063,0.020019531,0.274414063,-3.70E-16,1,-28.490166,36.537018,0,8.759012,1,Ankhon Mein Qayamat Ke Kajal (4)_shortened.wav
0.001341139,1,0.04900755,1,0,0.680460174,3.87E-08,840.994,-263.4418,174.98651,0.037482843,0.2050354,826.7451427,3958.642137,1261.209041,3237.894683,5.225227219,49.36548495,0.000178276,0.08503708,2056.420898,7611.987305,0.262118117,2.146298813,-0.403392913,0.306971521,0.023925781,0.293457031,-3.37E-16,1,-22.509207,29.143097,0,10.832519,1,Ankhon Men Humne Aapke Sapne (19)_shortened.wav
0.001528538,1,0.022121841,1,0,0.829318299,1.54E-08,459.11856,-307.4551,169.15845,0.026288291,0.1604209,669.3993332,4343.8217,1185.880948,3177.090353,5.095835925,49.97153307,9.44E-05,0.099535115,1173.55957,7633.520508,0.207846463,1.5309427,-0.412861103,0.493675051,0.016601563,0.292480469,-3.86E-16,1,-21.106403,29.774979,0,9.405287,1,Ankhon Men Humne Aapke Sapne (27)_shortened.wav
0.001880558,1,0.036454253,1,0,0.723895909,8.57E-09,3157.1555,-400.90848,184.15689,0.004860732,0.47087425,401.1622686,6453.687579,932.2074237,3888.895225,5.622260281,62.8746402,3.42E-05,0.21514747,549.0966797,9625.341797,0.036900123,6.180702431,-0.344338717,0.313393407,0.009765625,0.563476563,-3.21E-16,1,-22.09436,55.65426,0,14.606421,1,Apna Kaun Paraya Kaun (2)_shortened.wav
0.0039452,1,0.03006252,1,0,0.805024725,1.17E-06,764.3367,-202.90843,140.67245,0.056781653,0.27316627,1170.150094,5051.085249,1721.612472,3348.588932,4.978306443,45.98356288,0.001428539,0.20117854,2713.183594,8139.550781,0.519380012,4.713468624,-0.38922935,0.414881432,0.028320313,0.427246094,-3.30E-16,1,-22.523989,21.204794,0,10.847477,1,Apni To Jaise Taise (15)_shortened.wav
0.011522875,1,0.065073885,1,0,0.668772174,2.06E-06,822.0019,-240.67154,177.97043,0.028089002,0.22498284,1159.809175,4595.552609,1303.495941,3472.820013,4.821166795,46.56945692,0.00076164,0.22811827,1970.288086,9237.744141,0.307073598,2.590112855,-0.358212808,0.261355385,0.009765625,0.291503906,-3.85E-16,1,-28.650772,24.991165,0,11.037895,1,Apni To Jaise Taise - Remix (1)_shortened.wav
0.002639404,1,0.043290198,1,0,0.756137362,1.46E-10,305.34964,-318.28595,253.78976,0.040322885,0.15006025,614.1899408,2058.515962,787.2865697,1506.521785,4.245140568,53.1265709,3.87E-06,0.003292396,1195.092773,3402.246094,0.2323428,1.548722044,-0.450676341,0.461055341,0.016601563,0.19921875,-4.07E-16,1,-13.904809,18.795275,0,8.911347,1,Are Diwano Mujhe Pehchano (15)_shortened.wav
0.001248935,1,0.019610472,1,0,0.839729512,6.96E-07,1422.0101,-341.36752,173.86732,0.027175726,0.29006702,677.3819016,5255.9812,1387.85561,3538.280302,7.822988269,50.48325586,0.000125541,0.26289892,1055.126953,9194.677734,0.180484829,3.334875406,-0.53308953,0.514904184,0.01953125,0.408691406,-3.63E-16,1,-35.97801,36.59405,0,12.67158,1,Are Jane Kaise Kab Kahan Iqrar (52)_shortened.wav
0.000661474,1,0.03274348,1,0,0.702294411,3.61E-06,1352.7948,-269.8745,147.3095,0.029399743,0.31373343,908.5088429,5668.117692,1737.618285,3702.464034,3.212661371,44.89292115,0.000461801,0.26107034,1335.058594,9485.375977,0.30276159,3.38106056,-0.450975996,0.417434206,0.018066406,0.404785156,-3.56E-16,1,-26.931866,35.515656,0,12.050383,1,Are Jane Kaise Kab Kahan Iqrar (59)_shortened.wav
0.000506258,1,0.015606763,1,0.00039706,0.760435327,1.81E-07,799.4465,-310.35025,153.2326,0.009201849,0.22752626,956.1440243,6072.111824,1328.351995,3630.114863,3.888449424,51.20442883,0.000134692,0.28038028,1399.658203,9302.34375,0.119059501,3.008329208,-0.559505844,0.659129399,0.013671875,0.46484375,-2.82E-16,1,-29.77067,35.992603,0,11.176049,1,Are Re Are (11)_shortened.wav
0.001231129,1,0.007508988,1,0,0.933076482,1.65E-07,3803.7043,-408.2806,199.35834,0.010449364,0.45045167,482.0467465,5480.980736,963.8762824,3701.514409,4.552518599,56.89428207,3.82E-05,0.3103996,506.0302734,9463.842773,0.05666871,3.376378964,-0.686860916,0.70347305,0.010253906,0.462402344,-2.45E-16,1,-23.970476,52.004555,0,16.361492,1,Aur Kitni Door_shortened.wav
0.005673074,1,0.06981048,1,0.027463943,0.647609575,1.35E-06,2375.5637,-243.98546,130.83969,0.03790217,0.3456583,913.5512997,4182.087336,1605.745334,3784.623341,4.545549048,50.62915075,0.000363707,0.18699694,1905.688477,9183.911133,0.213794618,3.862853199,-0.302278634,0.298791513,0.009765625,0.302734375,-2.79E-16,1,-26.222466,24.4583,0,13.651316,1,Auto Romance In Mumbai_shortened.wav
0.001471937,1,0.035747945,1,0,0.644539803,2.45E-08,833.31433,-400.52423,234.37244,0.013978638,0.25438625,312.7597338,3339.019096,658.9326564,3155.063922,4.574436462,51.68853947,1.06E-05,0.061547045,430.6640625,7493.554688,0.106426256,2.885391978,-0.399877794,0.39045268,0.01171875,0.209960938,-3.30E-16,1,-27.967896,32.963707,0,11.137716,1,Auva Auva Koi Yahan Nache (16)_shortened.wav
0.001106509,1,0.044057127,1,0,0.685276957,2.38E-08,710.37634,-301.4738,230.49423,0.022559086,0.2346874,498.0402153,5008.368893,838.5887985,3362.134264,3.586657757,49.5120038,5.90E-05,0.22274072,732.1289063,8817.84668,0.227229381,2.815299278,-0.337170681,0.385228997,0.020996094,0.356445313,-2.87E-16,1,-28.204884,33.47496,0,10.256863,1,Auva Auva Koi Yahan Nache (20)_shortened.wav
0.001740629,1,0.03982346,1,0,0.725042897,4.66E-09,625.5394,-529.6739,201.29028,0.005870675,0.17987067,149.4488224,5923.554323,515.7331931,4073.650314,3.251073033,54.86044629,1.59E-06,0.17917362,129.1992188,9560.742188,0.015863709,1.984543919,-0.454597533,0.481305192,0.002929688,0.400878906,-2.54E-16,1,-58.188828,54.105392,0,9.795882,1,Awaarapan Banjarapan (6)_shortened.wav
0.000944576,1,0.03508188,1,0,0.773917633,5.32E-09,592.5754,-472.48218,201.81468,0.012898985,0.18134327,210.3579125,4684.801099,638.5045039,3984.53877,3.519664663,47.65951826,3.64E-06,0.07460634,269.1650391,9226.977539,0.052829093,1.884782261,-0.446578031,0.446049556,0.006347656,0.141113281,-2.13E-16,1,-43.99823,46.420334,0,9.491806,1,Awaarapan Banjarapan (8)_shortened.wav
0.00167436,1,0.039307155,1,0,0.669877358,1.24E-11,1431.8766,-297.446,159.51006,0.033185855,0.25703657,863.3505667,4937.435459,1362.974027,3280.191618,5.185182147,72.45381852,7.02E-05,0.02754979,2088.720703,8096.484375,0.205016155,2.799094281,-0.380854109,0.284152269,0.029785156,0.440917969,-2.92E-16,1,-25.630463,25.880304,0,12.245785,1,Awara Hoon (22)_shortened.wav
0.002327425,1,0.043890074,1,6.58E-05,0.780958467,5.95E-06,4731.9463,-215.391,156.5062,0.030662045,0.48585048,1118.301916,6391.908925,1629.247379,4245.801616,5.197166551,44.44622975,0.000590704,0.22822398,1894.921875,9991.40625,0.317393704,8.072619795,-0.420083024,0.446296243,0.017089844,0.539550781,-2.99E-16,1,-29.516687,23.678448,0,16.686739,1,Awara Hoon - Shalmali Kholgade_shortened.wav
0.000617153,1,0.011828108,1,0,0.922110817,2.43E-07,2433.1074,-290.24768,151.28317,0.02548062,0.35363886,629.9332587,6061.20151,1524.16895,4158.274919,5.018826001,42.36939828,9.59E-05,0.100330636,882.8613281,9872.973633,0.182834525,4.179758046,-0.723183062,0.674208791,0.004882813,0.4296875,-2.90E-16,1,-25.760899,44.20605,0,14.247908,1,Ay Hairathe (From Guru) (from guru 8)_shortened.wav
0.000668098,1,0.030974,1,0.009862177,0.676274782,2.82E-06,2874.8206,-213.44547,124.93233,0.03214708,0.43703285,1221.477257,7241.778329,1906.295436,3919.913399,4.617715317,45.85976609,0.000855173,0.31086436,3003.881836,9797.607422,0.300660068,4.989634433,-0.415792307,0.573753349,0.037109375,0.641113281,-3.19E-16,1,-31.717585,26.038277,0,14.612398,1,Aye Sakhi Ooh - Keh Mukri_shortened.wav
0.001152199,1,0.028105948,1,0,0.908110343,6.01E-09,338.6603,-311.19946,196.5809,0.017508315,0.1648062,502.5597462,5945.026,1137.236491,3979.219582,5.857658663,50.13958523,4.62E-05,0.18926798,484.4970703,9528.442383,0.156227559,2.606145749,-0.625903616,0.46623605,0.010253906,0.3515625,-2.84E-16,1,-25.669424,37.12874,0,9.022035,1,Aye Udi Udi Udi (5)_shortened.wav
0.000870501,1,0.033294044,1,0,0.732243676,4.75E-10,2435.8538,-375.7615,233.95374,0.033464637,0.40219963,298.993865,4673.760177,500.7025735,3555.436359,4.727106905,50.45918599,3.00E-06,0.1065146,516.796875,8807.080078,0.172384032,2.578736438,-0.329654619,0.521428355,0.011230469,0.165527344,-4.48E-16,1,-27.507383,29.613297,0,14.231313,1,Baabul Mora_shortened.wav
0.000989427,1,0.029382337,1,0,0.734367969,1.76E-06,3319.6755,-284.59213,148.08197,0.024454672,0.43595874,551.5472806,6196.888331,1379.870846,3835.65668,2.552757652,44.45107448,4.02E-05,0.25787482,796.7285156,9733.007813,0.238368454,5.631891871,-0.448912306,0.469384516,0.003417969,0.45703125,-3.27E-16,1,-32.61091,35.356846,0,14.926898,1,Baaki Rab Pe Chhod De_shortened.wav
0.006471572,1,0.116901524,1,0.042512337,0.568287262,6.81E-06,2711.644,-198.00194,138.56323,0.06453224,0.37334225,903.7514763,4523.322416,1822.194369,3612.96776,5.899230347,47.63167667,0.000624508,0.20632815,1485.791016,8699.414063,0.460465142,5.573290495,-0.202772457,0.225493308,0.014648438,0.260253906,-2.96E-16,1,-24.24765,28.195753,0,14.643082,1,Baamulaiza (6)_shortened.wav
0.003576656,1,0.072561786,1,0,0.668323979,2.08E-07,5610.467,-215.40236,198.157,0.045747958,0.49492052,463.2394248,3874.122667,1053.731124,3365.489357,3.591060673,47.43095266,4.12E-05,0.1479296,613.6962891,7934.985352,0.39287305,5.396569281,-0.37685553,0.374413844,0.010253906,0.201660156,-2.56E-16,1,-24.785282,25.397957,0,17.43432,1,Baaraat Company Title Track_shortened.wav
0.001447808,1,0.025055552,1,0,0.811790153,1.73E-06,7293.3975,-245.557,137.15085,0.033507187,0.55147976,1070.797022,6113.016716,1825.688404,3905.040516,4.608768539,45.21699498,0.000462603,0.1881428,1970.288086,9679.174805,0.243553072,5.44436561,-0.563883693,0.576241468,0.019042969,0.480957031,-3.85E-16,1,-20.53346,25.228582,0,18.783909,1,Baarish (26)_shortened.wav
0.001356002,1,0.057369247,1,0,0.742226201,3.84E-07,5937.254,-264.1823,153.76352,0.016931271,0.5505236,687.2177076,6145.401115,1447.333256,4061.552381,1.835678289,62.48527635,4.93E-05,0.3306642,1324.291992,9733.007813,0.191314885,7.623753419,-0.288613722,0.425921749,0.005859375,0.594726563,-2.28E-16,1,-44.479023,40.59064,0,18.38032,1,Baby Doll (From Ragini Mms 2) (from   2)_shortened.wav
0.004222923,1,0.023854246,1,0,0.801504772,2.03E-06,6963.2603,-158.47507,174.9144,0.13320519,0.57398206,541.1867609,4856.125676,1305.292771,3727.177708,3.628289538,43.15448236,7.33E-05,0.20593494,882.8613281,8968.579102,1.157542001,8.061409476,-0.437558712,0.399156619,0.002929688,0.375488281,-2.94E-16,1,-21.386288,25.98818,0,18.27145,1,Baby Jaanleva Hai_shortened.wav
0.000377942,1,0.018901987,1,0,0.769322964,2.66E-09,570.4026,-427.132,202.09149,0.00476623,0.18065138,686.624579,2918.458165,803.5335484,2224.82056,5.253954982,43.73436767,1.08E-05,0.03670039,1108.959961,5049.536133,0.03361642,1.202151994,-0.609350255,0.561294584,0.018066406,0.265625,-2.63E-16,1,-29.329235,35.844048,0,9.956824,1,Bachche Man Ke Sachche (2)_shortened.wav
0.000462875,1,0.023336982,1,0,0.874642881,1.14E-09,740.797,-313.23944,188.84293,0.028342262,0.20564334,805.8639649,3971.157633,936.5032487,2766.254735,5.340212669,62.07897434,5.07E-05,0.0640042,1335.058594,6675.292969,0.169891575,2.561711084,-0.521712301,0.588767267,0.018554688,0.329589844,-3.15E-16,1,-26.735598,39.776344,0,10.362106,1,Bachna Ae Hasinon Lo Main Aa Gaya (27)_shortened.wav
0.000634849,1,0.036888245,1,0,0.743717682,5.67E-10,838.85626,-413.35233,196.42392,0.01740181,0.20535012,344.2028967,4274.602048,624.8593749,2738.59763,4.477938049,57.85500502,7.55E-06,0.047772694,462.9638672,6696.826172,0.080456499,2.459568733,-0.414070353,0.541975944,0.009277344,0.2265625,-2.46E-16,1,-30.137852,40.937057,0,10.462148,1,Bachna Ae Hasinon Lo Main Aa Gaya (33)_shortened.wav
0.000895286,1,0.017685091,1,0,0.893422656,1.04E-09,736.6591,-305.67917,196.26913,0.029303763,0.20821343,792.1124509,3988.560076,941.3438016,2922.024054,5.431556272,54.96977557,5.13E-05,0.06364608,1356.591797,6998.291016,0.186570735,2.571746572,-0.476394717,0.663275348,0.01953125,0.335449219,-2.74E-16,1,-26.541538,39.507397,0,10.903884,1,Bachna Ae Hasinon Lo Main Aa Gaya (38)_shortened.wav
6.94E-05,1,0.022417413,1,0,0.798670312,7.13E-10,954.96313,-501.8272,208.88443,0.002213782,0.19051464,341.4185966,4317.170448,645.9395097,2908.337559,5.950092364,60.47292559,5.91E-06,0.047615062,452.1972656,6944.458008,0.014713018,2.350145785,-0.540449292,0.633833744,0.014648438,0.219726563,-3.10E-16,1,-28.121233,44.690193,0,10.76724,1,Bachna Ae Hasinon Lo Main_shortened.wav
0.000416274,1,0.037603725,1,0,0.751963047,1.09E-10,1445.0366,-490.70163,206.22008,0.007580569,0.2650352,333.1334902,2994.561691,450.6652391,1963.005789,4.65058965,52.81693405,6.59E-07,0.005979072,333.7646484,5221.801758,0.024622604,2.537535618,-0.422863117,0.496787557,0.016113281,0.259765625,-3.43E-16,1,-26.640333,48.902718,0,12.753793,1,Bachpan Ke Din (6)_shortened.wav
0.000812079,1,0.025321718,1,0,0.864030991,8.71E-09,11399.183,-329.23618,201.9469,0.033723652,0.59298295,104.3243831,7219.233997,363.3399469,3860.309591,2.402260285,45.42692433,2.55E-07,0.19162886,75.36621094,9959.106445,0.144289936,6.333349564,-0.508762118,0.60418517,0.001953125,0.687988281,-2.52E-16,1,-35.411636,36.11309,0,19.856892,1,Bada Ajeeb Hai Ye Safar_shortened.wav
0.006710905,1,0.04361726,1,0,0.759234708,1.62E-09,826.2441,-184.5351,142.00702,0.06441571,0.23418778,1162.814205,3877.364189,1631.525466,3320.8558,5.008440938,51.22896836,0.001009469,0.15637952,2831.616211,8118.017578,0.626575187,3.191985202,-0.409771159,0.438193798,0.033691406,0.259765625,-3.49E-16,1,-15.830696,16.878363,0,10.787926,1,Badal Pe Paon Hai (5)_shortened.wav
0.00583511,1,0.12264468,1,0.041110428,0.643386771,9.13E-09,1175.192,-222.04128,154.41681,0.06215985,0.30507475,1000.61039,3850.959526,1589.518631,3153.824355,5.532509916,49.36874942,0.000388097,0.17114912,2056.420898,8085.717773,0.493055497,3.388468891,-0.254055958,0.234166682,0.024414063,0.244140625,-2.88E-16,1,-22.608488,19.199463,0,11.992101,1,Badal Pe Paon Hain_shortened.wav
8.64E-05,1,0.02203329,1,0,0.924753209,3.42E-09,626.8462,-335.13702,185.05455,0.015914597,0.24906278,1222.898413,5302.933973,1002.668018,3273.70643,4.350582781,52.36366938,5.93E-05,0.19605893,2250.219727,8667.114258,0.104198497,2.737474696,-0.576231208,0.624422416,0.065917969,0.356933594,-3.03E-16,1,-23.383633,34.783466,0,10.514034,1,Badal Yun Garaj Hai (5)_shortened.wav
0.002879689,1,0.07076135,1,0.003496275,0.61831144,5.51E-11,869.75037,-263.12955,196.35289,0.040837187,0.20864265,751.4159846,3245.364395,922.7742117,2466.8978,5.38925009,65.24570383,2.66E-05,0.016231818,1582.69043,6503.027344,0.286746212,2.631429104,-0.394061821,0.370167423,0.022949219,0.244628906,-4.35E-16,1,-21.870327,24.377834,0,10.799783,1,Badan Pe Sitare Lapete Huye (late  14)_shortened.wav
0.000920457,1,0.016251264,1,0,0.780741093,2.31E-11,1270.1677,-472.08923,206.66757,0.001772521,0.21906129,579.2517806,3159.100358,662.0885923,2646.649284,5.894943299,69.34975522,6.18E-06,0.010266776,1119.726563,6718.359375,0.014482163,2.457135222,-0.564261114,0.595847299,0.020996094,0.21875,-4.26E-16,1,-30.073242,51.74012,0,12.45672,1,Badan Pe Sitare Lapete Huye (late  18)_shortened.wav
0.003113534,1,0.05823766,1,0,0.701593058,1.13E-10,855.1034,-264.2272,195.28198,0.038463738,0.2081216,695.9411631,3029.497336,904.4783954,2077.2004,4.612762718,59.49433673,1.94E-05,0.008310772,1421.191406,5232.568359,0.283440137,2.627245825,-0.345044877,0.407179296,0.022460938,0.245117188,-3.74E-16,1,-22.116795,22.628347,0,10.839295,1,Badan Pe Sitare Lapete Huye (late  24)_shortened.wav
0.002239337,1,0.040503368,1,0.014672416,0.667168588,6.19E-08,807.4198,-296.51035,200.26001,0.029871335,0.22008666,835.2312638,2428.174059,1059.890981,2138.245367,5.674075987,43.72711625,0.000136253,0.018394858,1894.921875,4640.405273,0.224189996,2.660544508,-0.388264077,0.381142457,0.023925781,0.182617188,-3.67E-16,1,-28.905556,35.80343,0,11.407638,1,Bade Miyan Diwane - Mohdrafi (1)_shortened.wav
0.000727651,1,0.027485978,1,0,0.787407322,5.49E-08,966.88446,-228.4533,174.29474,0.041034225,0.25582066,995.0020242,3300.763381,1260.486847,2624.652914,4.165720008,48.28035714,0.000201342,0.0460762,1841.088867,6578.393555,0.403812146,2.524609559,-0.469982972,0.512176562,0.02734375,0.293457031,-3.00E-16,1,-16.155243,18.253767,0,11.491738,1,Baharo Phool Barsao (30)_shortened.wav
0.00037587,1,0.023918375,1,0,0.815361996,6.01E-08,348.90668,-498.2374,163.67953,0.001771567,0.12609634,852.3708646,4393.071022,1469.404316,3101.341953,5.86834254,46.08551538,0.000147111,0.08017942,1259.692383,7655.053711,0.017370721,1.394171598,-0.5688568,0.429017991,0.01171875,0.317871094,-3.43E-16,1,-28.178236,52.44493,0,9.2938385,1,Bahon Mein Chale Aao (31)_shortened.wav
0.000358516,1,0.027269144,1,0,0.795492032,6.93E-08,273.12888,-460.7487,159.5367,0.002910248,0.13624103,963.6399145,4825.903953,1521.037017,3189.993852,6.606540789,47.31118965,0.000366735,0.081689775,1787.255859,8139.550781,0.028244842,1.607379298,-0.539038282,0.516144225,0.023925781,0.372070313,-2.91E-16,1,-25.56935,31.419064,0,8.314827,1,Bahon Mein Chale Aao (32)_shortened.wav
0.000562236,1,0.026720736,1,0,0.822725378,1.72E-07,316.9998,-386.38025,151.61261,0.004911273,0.14270262,859.8288392,4923.279985,1577.007944,3272.310412,4.094709064,44.35902801,0.000353506,0.12522385,1431.958008,8484.082031,0.05894358,2.016047865,-0.549320385,0.557328155,0.025878906,0.430664063,-2.89E-16,1,-30.397968,28.191244,0,8.869172,1,Bahon Mein Chale Aao (37)_shortened.wav
5.13E-05,1,0.023229273,1,0,0.774013559,1.09E-09,4773.764,-487.0315,206.92958,0.000251466,0.49549046,105.7052085,5852.343189,199.8860862,3597.387677,3.823510425,55.18091448,1.89E-08,0.2561286,75.36621094,8979.345703,0.002072772,5.934639222,-0.468846088,0.436224718,0.005371094,0.418945313,-2.76E-16,1,-51.12409,62.32363,0,16.992083,1,Bahut Bhaari Hai_shortened.wav
0.000166594,1,0.023956038,1,0,0.803293298,6.92E-09,7999.653,-292.34177,198.90468,0.05546884,0.53639185,188.0706696,7293.250282,536.3064094,4172.136363,5.137600885,55.38303341,1.22E-06,0.27723488,312.2314453,9991.40625,0.293955532,5.786214937,-0.472431403,0.502100619,0.00390625,0.655273438,-2.82E-16,1,-32.383778,36.562035,0,19.173214,1,Bahut Pyar Karte Hai - Reprised Version_shortened.wav
0.000461581,1,0.025260048,1,0,0.782988738,7.20E-11,424.96118,-336.86307,243.69197,0.023900462,0.14408752,592.6265544,2315.016478,544.9599229,2016.692905,3.363657858,51.27180572,1.12E-06,0.000940303,1108.959961,3703.710938,0.148957162,1.223434949,-0.507786065,0.556107043,0.019042969,0.198242188,-3.94E-16,1,-17.568983,18.343449,0,9.169062,1,Bahut Shukriya Badi Meherbani (13)_shortened.wav
0.000575119,1,0.025490453,1,0,0.68508669,3.05E-07,2703.2957,-266.52307,192.18707,0.054893367,0.3612478,429.6490071,4763.861459,1024.794687,4095.279968,6.169944208,44.02017025,5.30E-05,0.094749205,430.6640625,9334.643555,0.279092018,5.407317782,-0.444887165,0.461118616,0.010742188,0.225585938,-2.12E-16,1,-35.259674,40.908516,0,14.369783,1,Baiyan Na Dharo (10)_shortened.wav
0.000725315,1,0.019008782,1,0,0.737436933,9.72E-08,3569.8428,-396.3863,181.97214,0.01577253,0.45132262,659.1609684,6472.874819,1260.737327,3988.592161,2.863164152,59.48369948,7.60E-05,0.23391217,742.8955078,9754.541016,0.062323489,4.075942151,-0.516546018,0.574343265,0.008789063,0.541015625,-2.82E-16,1,-23.54389,35.792843,0,14.884714,1,Bakheda_shortened.wav
0.009704486,1,0.055224437,1,0.001661078,0.625660173,1.24E-07,352.93127,-303.87595,139.76935,0.015931914,0.1279305,1190.742005,5786.681095,1644.151893,3694.308779,4.706301232,52.10463126,0.001293336,0.3778994,2680.883789,9291.577148,0.16107349,2.147636434,-0.180387948,0.390574874,0.023925781,0.383300781,-3.04E-16,1,-27.648771,24.990528,0,8.671892,1,Bam Bam Bhole (24)_shortened.wav
0.004540322,1,0.02465662,1,0,0.7013202,7.01E-10,5065.9087,-381.48608,184.3386,0.057747956,0.43408367,532.6620034,6044.729542,1106.355182,3732.976212,5.315331479,53.75533494,8.78E-06,0.11798423,904.3945313,9302.34375,0.120823358,4.064467192,-0.326430537,0.301402503,0.00390625,0.325195313,-3.37E-16,1,-27.630838,54.674885,0,16.90707,1,Bam Bam Bole Kaashi_shortened.wav
0.002549205,1,0.05767103,1,0.00079714,0.741667065,3.01E-08,2906.6597,-245.10225,180.2355,0.033435572,0.37541792,1225.344368,3804.276003,1253.534057,3098.184819,3.43856689,60.78012904,0.000473003,0.11108831,1744.189453,7827.319336,0.264760992,3.868798127,-0.403733805,0.333243505,0.043945313,0.257324219,-2.79E-16,1,-21.759823,33.40327,0,14.739778,1,Bambai Ka Babu (1)_shortened.wav
0.000569546,1,0.01564383,1,0,0.753825242,1.28E-08,789.7561,-343.47333,169.84724,0.015484241,0.24277475,1039.00286,3615.336563,1152.597501,2790.300187,5.309786339,61.04849741,0.000272294,0.12684321,1819.555664,7052.124023,0.110459295,3.543719484,-0.547124248,0.582607195,0.025390625,0.33984375,-4.53E-16,1,-23.063133,35.297577,0,11.02943,1,Bana Ke Kyon Bigada Re (2)_shortened.wav
0.000833612,1,0.03054007,1,0,0.709974446,5.05E-11,410.29788,-383.089,177.72064,0.017587004,0.14133757,676.4664715,3653.511641,920.0002733,3310.730241,6.527575807,66.42958413,2.89E-05,0.046894997,1044.360352,7633.520508,0.086832126,1.630385985,-0.436630353,0.413936982,0.013183594,0.352050781,-2.80E-16,1,-34.006744,38.254967,0,8.966424,1,Banda Parwar - Phir Wohi Dil Laya Hoon_shortened.wav
0.004438406,1,0.077474624,1,0,0.612144145,6.96E-07,8344.317,-253.69868,188.64705,0.032669585,0.62387884,508.5866475,6139.726461,1256.77952,4077.218794,4.274786587,43.45312575,9.20E-05,0.22378735,613.6962891,9603.808594,0.221519042,7.534193217,-0.304907449,0.239272049,0.008300781,0.430664063,-3.04E-16,1,-43.14006,42.931267,0,19.384468,1,Bandook Meri Laila_shortened.wav
0.000619074,1,0.040945925,1,0,0.77307552,6.54E-11,877.4547,-304.57986,199.60326,0.024493631,0.24247828,740.0976028,4144.283246,998.362254,2662.291666,4.241260416,65.01108645,1.54E-05,0.07770964,1313.525391,7450.488281,0.163269619,2.839284551,-0.403947011,0.458747223,0.019042969,0.305175781,-2.90E-16,1,-26.490423,27.462404,0,11.340018,1,Bangle Ke Peechhe (7)_shortened.wav
0.00766752,1,0.0640102,1,0.000931921,0.515162194,9.33E-07,1278.3909,-175.993,167.00864,0.03202133,0.29920012,1044.898408,5453.384878,1567.03136,3728.258065,3.84871328,49.18877437,0.001060547,0.21194828,1948.754883,9259.277344,0.434468947,4.682627259,-0.165322259,0.191315995,0.021972656,0.395507813,-3.01E-16,1,-18.949345,27.708826,0,12.157009,1,Banjaara (21)_shortened.wav
0.002473458,1,0.01684254,1,0,0.83769461,4.51E-07,3435.5217,-225.15567,185.18445,0.090955615,0.45328522,619.074446,3931.645979,1177.623775,3771.299486,5.534245067,48.79205312,7.54E-05,0.037622288,990.5273438,9205.444336,0.594914662,3.52480863,-0.515860798,0.533718496,0.006347656,0.112304688,-4.54E-16,1,-19.675365,30.3043,0,15.081847,1,Baras Ja (5)_shortened.wav
0.00299842,1,0.0691733,1,0.010146327,0.560176032,1.58E-06,2048.2705,-193.21269,136.07004,0.033107873,0.34460327,1322.517744,4825.241386,1695.765326,3522.417891,3.172196671,51.56741297,0.000869461,0.18212798,2282.519531,9087.011719,0.436787801,5.27164014,-0.311825181,0.224157309,0.028808594,0.277832031,-3.28E-16,1,-28.988384,26.173773,0,13.151333,1,Baras Ja - Remix (1)_shortened.wav
0.000348211,1,0.011119486,1,0,0.915629174,1.91E-08,9276.933,-308.6518,181.36687,0.015906997,0.6295852,589.7758375,5301.778381,1207.453549,3855.566134,3.869420069,49.50103011,8.71E-05,0.20381674,893.6279297,9237.744141,0.119886515,4.692376375,-0.655019323,0.730072606,0.009277344,0.302246094,-3.13E-16,1,-22.051542,39.76226,0,20.28955,1,Barf Si (1)_shortened.wav
0.000212144,1,0.010059501,1,0,0.952499613,3.27E-06,2644.8154,-272.52115,157.88324,0.02108382,0.36441982,753.19796,5883.420718,1659.306702,3715.490044,2.330629983,57.79321952,0.000139451,0.2531897,1055.126953,9593.041992,0.189559954,3.571742243,-0.711947132,0.606743498,0.010253906,0.447265625,-2.56E-16,1,-27.132853,38.001442,0,15.318564,1,Barfani (4)_shortened.wav
0.000876044,1,0.041421447,1,0.000376647,0.816539739,5.74E-07,1732.131,-213.22571,160.80852,0.026476186,0.27789396,1120.81366,5186.15419,1408.709238,3877.330609,5.569434013,60.31275374,0.000270571,0.17680387,2110.253906,9517.675781,0.300729397,2.766573509,-0.42742127,0.461296769,0.029296875,0.349609375,-3.92E-16,1,-24.842455,26.563564,0,13.473025,1,Barse Re Sawan (2)_shortened.wav
0.001060863,1,0.015123772,1,0,0.948165935,2.65E-11,1246.9006,-324.0821,263.96613,0.020986106,0.2347099,464.0078713,1540.600913,475.94557,913.9474043,3.116969349,62.2405593,3.00E-07,0.000221241,732.1289063,2476.318359,0.15646776,1.62843423,-0.725935938,0.615064202,0.020507813,0.116210938,-3.58E-16,1,-12.512975,13.782902,0,12.157991,1,Bas Ek Chupsi Lagi Hai (5)_shortened.wav
0.000285531,1,0.018059745,1,0,0.868327795,1.36E-07,3116.8413,-269.52286,207.39355,0.038831875,0.37042287,593.0790667,8129.50091,1041.139475,4166.640833,3.966982987,49.88968786,4.67E-05,0.1694309,775.1953125,10195.97168,0.283704927,3.575057834,-0.667952114,0.58370575,0.018066406,0.724609375,-4.18E-16,1,-25.947235,26.455893,0,15.590386,1,Bawre Mann_shortened.wav
0.001969891,1,0.030603478,1,0,0.716874151,4.03E-08,398.79855,-313.0078,164.47208,0.02753167,0.20763981,993.825438,5735.443892,1318.332453,3327.827256,4.534536809,44.16530356,0.000572015,0.21604012,1798.022461,8796.313477,0.162808194,4.238987455,-0.366360238,0.508746939,0.017578125,0.455078125,-2.97E-16,1,-23.413008,33.380177,0,9.234866,1,Bechain Mera Yeh Dil Hai (1)_shortened.wav
0.003183893,1,0.053277493,1,0,0.703731502,4.91E-11,584.0347,-286.8505,240.30598,0.032974947,0.21234573,613.9739771,2596.615635,677.7974619,1823.764265,3.370308425,63.89074308,2.51E-06,0.004434119,1313.525391,4231.274414,0.260756861,2.333594775,-0.395271737,0.414883468,0.020507813,0.258789063,-3.75E-16,1,-15.115795,22.923733,0,10.157543,1,Beeti Na Bitai Raina (rai 11)_shortened.wav
0.003844751,1,0.035487678,1,0,0.902235449,1.45E-07,2081.4072,-304.50812,154.69258,0.03222953,0.30864045,410.4325265,5590.544892,1209.82207,3873.871548,5.889268886,45.85927067,1.73E-05,0.26231846,452.1972656,9377.709961,0.250511118,4.686814563,-0.596186338,0.529670419,0.005371094,0.466308594,-4.07E-16,1,-40.029488,32.296017,0,14.054596,1,Befikra Refix_shortened.wav
4.55E-05,1,0.001641398,1,0,0.759821626,1.70E-11,3168.7017,-497.75992,235.81378,0.000685589,0.37169966,282.9418459,2023.915493,467.2399396,2094.175834,3.366359008,60.72794276,6.68E-08,0.002217778,215.3320313,3628.344727,0.002611911,2.782360246,-0.662137954,0.640566905,0.016113281,0.168457031,-5.92E-16,1,-20.53898,26.238478,0,14.548097,1,Bekhudi Mein Sanam (16)_shortened.wav
0.002564853,1,0.030537307,1,0,0.902118803,2.41E-07,3257.936,-313.5534,168.92746,0.01591334,0.41604722,928.1177861,5937.697623,1431.577907,3955.499548,5.462156831,50.93826681,0.000622302,0.17818017,1636.523438,9549.975586,0.115286318,4.089833887,-0.537508172,0.600994922,0.024414063,0.450683594,-3.41E-16,1,-23.65602,44.27783,0,15.604197,1,Beliya (1)_shortened.wav
0.001371828,1,0.044466585,1,0,0.77114542,1.20E-08,1221.289,-298.906,223.39342,0.031345733,0.2685662,834.4355628,2299.655026,897.6668813,1998.322553,5.373271264,45.52048016,6.72E-05,0.00649307,1270.458984,4737.304688,0.182646677,2.564105003,-0.472019512,0.455610067,0.014160156,0.158691406,-2.88E-16,1,-21.360071,24.388788,0,11.777365,1,Beqarar Karke Hamen Yun Na Jaiye (9)_shortened.wav
0.002216731,1,0.017913662,1,0,0.826573616,5.69E-07,6326.641,-195.1556,177.44562,0.07712999,0.48968908,628.5263989,5822.467197,1219.697562,3576.278359,6.37386887,57.06727265,6.07E-05,0.19976784,1173.55957,9323.876953,0.538558724,3.57541975,-0.683363577,0.616131667,0.005859375,0.462890625,-3.09E-16,1,-17.100958,26.04998,0,18.664976,1,Bezuban Dil Ki (Ramji Version) (ramji version)_shortened.wav
0.00284795,1,0.010499774,1,0,0.88886429,2.15E-07,8813.415,-272.8662,187.62906,0.08809892,0.57163966,538.6969006,6889.420279,1106.405067,4076.055235,6.229483969,52.63127455,4.05E-05,0.11380036,624.4628906,9959.106445,0.373689308,3.705641307,-0.703679225,0.722905505,0.004882813,0.528320313,-2.70E-16,1,-18.162785,35.371708,0,20.232498,1,Bezuban Dil Ki (Shibani Version) (shibani version)_shortened.wav
0.003463118,1,0.06569044,1,0,0.685759608,3.42E-06,7475.6113,-164.30127,144.21979,0.041028373,0.55799437,730.0832448,5328.888885,1575.276039,3570.912946,4.213138631,50.99232545,0.000136595,0.2666033,1001.293945,8957.8125,0.487114956,5.581494995,-0.257459074,0.408105971,0.004394531,0.381347656,-3.28E-16,1,-21.453636,29.885624,0,18.947243,1,Bhame England_shortened.wav
0.001539587,1,0.023193326,1,0,0.894954763,1.41E-09,2537.4153,-304.6113,190.16736,0.06721807,0.38380033,621.7682966,6301.940713,1030.972485,3793.254276,3.166207473,53.57752412,2.89E-05,0.26940373,990.5273438,9614.575195,0.311409225,4.956667933,-0.689920036,0.68097581,0.010253906,0.391601563,-3.21E-16,1,-25.387625,52.32424,0,14.928146,1,Bharat Bhagya Vidhata Uth  (6)_shortened.wav
0.003168749,1,0.025389286,1,0,0.865587907,6.79E-08,279.49524,-436.5683,151.71548,0.011835255,0.133945,618.7514649,6537.329419,1500.306975,3792.328444,5.133754704,49.4023894,8.08E-05,0.15980224,527.5634766,9280.810547,0.058742141,1.948528895,-0.40129682,0.58467919,0.009277344,0.562988281,-2.64E-16,1,-20.42943,39.571342,0,8.56691,1,Bharat Humko Jaan Se Pyara Hai (From Roja) (from roja 3)_shortened.wav
0.000882603,1,0.021778714,1,0,0.84438194,1.47E-09,405.67688,-557.4304,130.7363,0.002141335,0.21468951,1287.823082,5844.463088,1969.369185,3745.822314,5.312624625,51.02381874,0.001765082,0.19138996,3014.648438,9614.575195,0.019230631,2.825960497,-0.455063384,0.530169024,0.02734375,0.418945313,-4.49E-16,1,-18.175653,20.83883,0,9.18723,1,Bharat Humko Jaan Se Pyara Hai (From Roja) (from roja 4)_shortened.wav
0.003052662,1,0.014086677,1,0,0.844861011,1.63E-06,747.32635,-228.88908,144.85591,0.03770917,0.20312071,1118.735764,5247.174364,1693.847508,2925.274504,5.261161807,51.71551602,0.00080124,0.22828275,2239.453125,8462.548828,0.36431132,3.34821993,-0.498180671,0.627858854,0.029296875,0.459472656,-4.51E-16,1,-11.949359,16.01236,0,10.250347,1,Bharat Humko Jaan Se Pyara Hai (From Roja) (Instrumental) (from roja instrumental 2)_shortened.wav
0.000624729,1,0.023152487,1,0,0.694974384,4.64E-08,2815.7026,-307.79788,179.52731,0.01772285,0.38315123,660.5940238,5164.624856,1193.383144,3841.845811,5.203298137,50.94100164,0.000139844,0.18892242,1098.193359,9377.709961,0.135203887,4.235752637,-0.300136746,0.460104323,0.022949219,0.241210938,-2.68E-16,1,-31.828075,34.300205,0,14.769332,1,Bheegey Hont (15)_shortened.wav
0.000591612,1,0.015216086,1,0,0.790611862,4.85E-07,1816.2908,-275.34085,179.02005,0.02434569,0.32384837,581.1694781,6041.768696,1288.844707,3661.307084,5.07461626,43.71415002,0.000153506,0.24731041,893.6279297,9313.110352,0.220379323,3.904341943,-0.360058419,0.65162669,0.020507813,0.434570313,-3.67E-16,1,-18.540968,26.310228,0,13.159217,1,Bheegi Bheegi (10)_shortened.wav
0.004767975,1,0.039097305,1,0,0.814740106,1.61E-06,1882.7739,-170.56422,157.80533,0.06982495,0.30741522,1036.950954,3838.958389,1584.581673,3778.507892,5.548527764,66.52248807,0.000614696,0.12850948,1787.255859,9248.510742,0.593849642,3.696267229,-0.457362384,0.501253121,0.015625,0.229492188,-3.59E-16,1,-17.311907,23.19047,0,13.007072,1,Bheegi Bheegi (12)_shortened.wav
0.004381408,1,0.023226734,1,0,0.807608778,4.79E-07,1733.9894,-395.00934,166.76756,0.044703223,0.3300493,479.5470133,5171.063074,1422.089252,3990.949204,5.578505336,52.39590969,4.32E-05,0.13883108,236.8652344,9377.709961,0.179196117,3.892143542,-0.43440604,0.554066326,0.007324219,0.298828125,-3.77E-16,1,-28.354965,41.847557,0,13.132346,1,Bheegi Bheegi (17)_shortened.wav
0.000860717,1,0.021433767,1,7.07E-05,0.837706339,3.21E-10,513.859,-341.78372,246.44229,0.03542035,0.18100964,600.5718949,2639.755129,581.0272014,1920.186767,5.902249666,50.58055337,4.14E-06,0.002985385,882.8613281,4780.371094,0.225242699,1.500906034,-0.582645591,0.521605652,0.032714844,0.219238281,-3.86E-16,1,-19.309969,29.56496,0,9.34318,1,Bheegi Bheegi Raaton Mein (32)_shortened.wav
0.00046491,1,0.027021578,1,0,0.905333228,2.39E-10,605.6237,-472.12427,242.98898,0.004469611,0.19162375,680.3578195,2494.620517,554.4825424,1885.64193,3.761027865,50.89912859,3.98E-06,0.003468298,1044.360352,4661.938477,0.025648189,1.609946116,-0.634004208,0.486707374,0.034667969,0.21875,-2.83E-16,1,-17.327433,38.174812,0,10.042546,1,Bheegi Bheegi Raaton Mein (36)_shortened.wav
7.19E-05,1,0.012111937,1,0,0.873441409,9.06E-11,343.3727,-449.9453,245.19974,0.005184244,0.12835509,562.7679738,1483.558801,553.1502113,1404.980556,2.887548897,43.41100016,9.09E-07,0.000679577,958.2275391,2713.183594,0.037341609,1.071615401,-0.681660498,0.635307325,0.016601563,0.124511719,-3.68E-16,1,-15.942429,30.233864,0,8.773064,1,Bheegi Chandni Chhai Bekhudi (7)_shortened.wav
0.000332263,1,0.038005088,1,0.005071101,0.734621744,3.39E-07,606.35535,-293.58203,165.16257,0.022350792,0.26230004,1171.360608,6763.079252,1330.161555,3843.613983,3.275099944,51.51240697,0.000379443,0.30195537,1959.521484,9689.941406,0.207483249,3.788477842,-0.40351765,0.416750589,0.026855469,0.493164063,-2.76E-16,1,-24.81377,31.040747,0,9.846824,1,Bholi Si Surat (10)_shortened.wav
0.001225646,1,0.017025387,1,0,0.836079116,3.39E-07,897.3538,-289.77374,164.58774,0.020172875,0.28103685,945.9708819,7357.314607,1340.364988,3833.93069,3.578052891,52.67309695,0.000249902,0.2601313,1604.223633,9797.607422,0.168912942,3.105522763,-0.475727111,0.560992545,0.0234375,0.672363281,-3.10E-16,1,-25.484274,26.543709,0,10.78197,1,Bholi Si Surat (11)_shortened.wav
0.002678374,1,0.047094006,1,0,0.739400473,9.11E-08,277.56342,-243.74019,173.1768,0.030104639,0.14335592,1248.651001,3946.939719,1254.071134,3408.45684,4.800181144,41.52536762,0.000560998,0.10095335,2077.954102,8279.516602,0.26954124,1.73992264,-0.423615085,0.434273262,0.041992188,0.236816406,-3.67E-16,1,-18.100222,26.02243,0,8.12792,1,Bol Baby Bol Rock-N-Roll (rock n roll 5)_shortened.wav
0.000124667,1,0.022452451,1,0,0.768708087,2.37E-07,3280.9539,-313.85803,169.35034,0.020912578,0.43999648,526.929473,6923.189713,1335.961548,3757.456854,5.934404654,45.95780413,7.41E-05,0.22013193,495.2636719,9754.541016,0.203927601,4.485617437,-0.478488779,0.487178195,0.007324219,0.652832031,-2.94E-16,1,-26.645374,46.860764,0,15.915972,1,Bol Na Halke Halke (19)_shortened.wav
0.001804012,1,0.060082622,1,0.000305747,0.65555943,2.46E-08,1046.9875,-367.2005,172.7597,0.003622798,0.22947022,952.7983594,4317.365726,1343.639996,2634.412111,3.954321211,54.22486065,0.00019997,0.057451434,2034.887695,6890.625,0.063758176,2.527044629,-0.386876149,0.356386283,0.027832031,0.336425781,-2.80E-16,1,-24.325155,43.80705,0,11.997661,1,Bole Re Papihara (10)_shortened.wav
0.001346238,1,0.0465218,1,0,0.659064423,3.90E-08,1039.729,-229.0781,164.38475,0.03500607,0.22168478,1220.167008,3582.601582,1461.521171,2498.915241,4.344935575,57.13647494,0.00046522,0.048774455,2670.117188,6599.926758,0.338056984,2.387602323,-0.395261824,0.399276976,0.032226563,0.28125,-3.68E-16,1,-15.942067,25.461838,0,11.200473,1,Bole Re Papihara (7)_shortened.wav
0.000780794,1,0.009004615,1,0,0.908271664,1.44E-07,3621.2852,-327.7514,160.64627,0.024767574,0.437435,768.9720292,6403.087443,1450.185785,3558.425289,6.443697657,56.25128719,0.000109663,0.19195694,667.5292969,9087.011719,0.180482132,4.847475021,-0.720553907,0.671892118,0.01171875,0.43359375,-3.47E-16,1,-26.199095,35.068855,0,15.9543705,1,Bolna (From  (from kapoor sons since 1921 6)_shortened.wav
0.001324747,1,0.05161016,1,0,0.678102359,2.09E-06,6528.82,-282.07852,205.40686,0.06652594,0.57673585,440.519884,6100.832175,1085.33957,4415.168445,4.432278277,51.57827693,2.82E-05,0.40205655,419.8974609,9840.673828,0.403906944,7.653662398,-0.296268048,0.396958878,0.00390625,0.475097656,-2.60E-16,1,-29.267424,31.981146,0,18.441195,1,Bom Diggy Diggy_shortened.wav
0.001959006,1,0.040732194,1,0,0.823148863,1.95E-08,727.4331,-302.15125,187.56467,0.02825629,0.19497149,627.7309383,2417.469135,1121.25824,2510.38212,6.133660497,44.92903921,0.000125473,0.025456946,925.9277344,5803.198242,0.206498665,1.661936686,-0.472691523,0.526774921,0.017089844,0.139160156,-3.75E-16,1,-24.704605,28.146816,0,10.722116,1,Chal Chal Chal Mere Saathi (7)_shortened.wav
0.001406182,1,0.018649232,1,0,0.7057292,2.76E-11,1257.4569,-311.1868,173.17184,0.009604747,0.33423594,1324.907015,3686.197092,1229.312292,2172.8265,5.348103834,69.7569847,6.88E-06,0.0074181,2723.950195,6309.228516,0.125896901,4.274226885,-0.617730435,0.598422502,0.035644531,0.296386719,-3.49E-16,1,-24.712225,31.087128,0,12.546295,1,Chal Diye Bande Nawaz (2)_shortened.wav
0.000119562,1,0.006464969,1,0,0.942502511,2.89E-11,734.4637,-577.72986,224.51303,0.000205873,0.21568099,341.6973178,6370.470855,449.0790125,3441.2585,5.622147949,59.46438177,2.68E-07,0.14818643,279.9316406,9356.176758,0.000835791,2.39039639,-0.710151718,0.75238221,0.002929688,0.456054688,-3.42E-16,1,-24.669634,36.447056,0,10.957921,1,Chal Kahin Door Nikal Jayen (14)_shortened.wav
0.000775896,1,0.016290551,1,0,0.856570641,2.73E-11,2758.4863,-295.35754,233.9526,0.061248254,0.37524685,436.6172041,2586.788807,502.789645,2297.34399,5.819231704,64.33262127,8.04E-07,0.002907048,699.8291016,5221.801758,0.333950227,3.139901338,-0.491686488,0.637733583,0.011230469,0.146972656,-2.76E-16,1,-18.871666,27.881859,0,14.941806,1,Chala Jata Hoon (33)_shortened.wav
0.000671334,1,0.032196652,1,0,0.790572961,4.54E-11,2603.582,-322.9892,252.53915,0.028166395,0.34867346,306.4785542,3193.705829,350.4870908,2428.091315,4.83744303,64.61731517,2.31E-07,0.003779347,430.6640625,5857.03125,0.172011723,3.138482991,-0.48952628,0.569083437,0.012207031,0.322265625,-2.81E-16,1,-22.484173,43.094975,0,14.532818,1,Chala Jata Hoon (34)_shortened.wav
0.001217088,1,0.03811128,1,0,0.69076028,4.18E-06,1254.4933,-298.59732,138.29886,0.02082337,0.3043846,998.0079342,7936.863172,1904.792386,3957.398722,4.540734263,47.60942367,0.000951151,0.34535328,1744.189453,9991.40625,0.173600441,4.891329777,-0.36538082,0.381862614,0.016601563,0.780273438,-3.34E-16,1,-26.914764,49.804264,0,11.85773,1,Chale Chalo (From Lagaan) (from lagaan 4)_shortened.wav
0.002286864,1,0.03439876,1,0,0.796860472,1.05E-06,401.51764,-366.10052,149.88956,0.014075981,0.20781882,1094.82545,6064.629045,1725.556071,4037.715499,4.20965038,43.9076436,0.000501708,0.3746704,2067.1875,10002.17285,0.097716111,2.918707759,-0.444323123,0.445658761,0.018066406,0.436523438,-2.69E-16,1,-24.530424,44.871475,0,9.226065,1,Chali Aayee (7)_shortened.wav
0.003519711,1,0.054833744,1,0.010765517,0.681289406,3.95E-06,6546.745,-186.29053,150.7123,0.10071298,0.48472905,835.4145372,4837.538296,1576.690749,3709.412723,5.074406651,55.02942856,0.000264273,0.20507964,1399.658203,8925.512695,0.674088832,5.45830841,-0.363152985,0.414782388,0.013671875,0.384277344,-2.91E-16,1,-23.686401,33.54555,0,18.560244,1,Challa (133)_shortened.wav
0.000298302,1,0.014103389,1,0,0.796345349,4.97E-08,1218.6267,-450.46368,173.99326,0.00855503,0.25319564,508.4870905,6383.883343,1274.794529,4090.141626,5.730096609,44.4052949,3.22E-05,0.29256687,452.1972656,9786.84082,0.042457498,2.912571093,-0.532144276,0.659995988,0.005859375,0.479003906,-3.06E-16,1,-34.072308,51.14982,0,12.147515,1,Chalo Tumko Lekar (6)_shortened.wav
0.001165378,1,0.029570626,1,0,0.747245768,4.23E-10,1193.859,-343.94254,181.047,0.011616045,0.24548903,783.350742,3847.443418,1025.993475,2682.814888,1.828386966,57.09348489,4.55E-05,0.039295692,1475.024414,7019.824219,0.091426902,2.303632709,-0.533287093,0.481409814,0.030761719,0.365722656,-3.18E-16,1,-20.384748,35.32504,0,11.684834,1,Chalte Chalte Yun Hi Koi (20)_shortened.wav
0.00040438,1,0.026439898,1,0.000583093,0.946172755,5.72E-10,2500.7815,-300.22937,227.70847,0.057194382,0.3349274,599.6881008,1924.365026,760.8021691,1813.484412,4.044614045,44.29203746,1.50E-05,0.003027574,882.8613281,3305.34668,0.248051111,2.696976966,-0.453451078,0.62707711,0.022460938,0.111328125,-3.50E-16,1,-21.677692,28.35825,0,15.226766,1,Chamchagiri (2)_shortened.wav
0.001226238,1,0.04555902,1,0,0.68856305,1.71E-07,903.0024,-269.26993,179.70956,0.035981096,0.21971172,886.3922787,3911.061488,1269.44448,3258.354445,5.896225556,43.88058703,0.00024157,0.11184074,1431.958008,8214.916992,0.349234288,2.420309618,-0.361508019,0.403749024,0.030761719,0.247070313,-3.24E-16,1,-20.1186,21.740952,0,11.122254,1,Chand Jaise Mukhde Pe (6)_shortened.wav
0.00057908,1,0.016374456,1,0,0.814945795,1.46E-07,241.12666,-325.6347,157.53235,0.021619339,0.13945678,947.6462925,4666.103052,1250.793457,3575.376908,5.513904157,45.71385876,0.000267173,0.1317445,1593.457031,8860.913086,0.122857963,2.055974643,-0.469092301,0.598122876,0.026367188,0.254394531,-3.11E-16,1,-22.893843,23.28066,0,8.312109,1,Chand Mera Dil Chandni Ho Tum (ni   27)_shortened.wav
0.0007209,1,0.03182277,1,0.00012329,0.805269934,1.04E-10,1282.6106,-380.30997,212.06796,0.008927049,0.31848988,755.5456628,2350.340433,813.9857903,1764.679481,5.56538344,56.3819089,6.77E-06,0.001557321,1604.223633,4252.807617,0.060618513,3.011319505,-0.486641604,0.462412061,0.029785156,0.236816406,-3.42E-16,1,-23.16453,38.619583,0,12.151694,1,Chand Raat Tum Ho Saath (10)_shortened.wav
0.00083381,1,0.014836651,1,0,0.766935283,1.43E-10,418.58688,-524.23035,179.78848,0.000881634,0.17286372,517.082414,4926.031118,791.3225523,3142.716317,5.808534337,62.10018903,6.03E-06,0.088948876,635.2294922,7956.518555,0.00861607,1.688496935,-0.557392187,0.505796142,0.014160156,0.441894531,-4.02E-16,1,-30.625366,55.809547,0,9.510591,1,Chand Si Mehbooba Ho Meri (24)_shortened.wav
0.003823487,1,0.05470798,1,0,0.695827966,2.00E-07,3894.9148,-228.34444,152.6674,0.046770487,0.3966833,837.9352629,5556.533935,1392.534492,4146.869465,4.299571615,56.20098439,0.000122668,0.15794364,1367.358398,9905.273438,0.418162882,4.939161468,-0.377400352,0.375622459,0.016601563,0.264160156,-3.41E-16,1,-31.548824,29.158657,0,15.982351,1,Chand Sifarish (14)_shortened.wav
0.000275921,1,0.02373845,1,0,0.786830319,2.67E-09,969.70984,-497.15436,190.7984,0.002614959,0.26352307,824.9452498,3471.717642,902.7150972,1881.100972,4.674205186,52.36615589,4.32E-05,0.007960334,1141.259766,4974.169922,0.015833393,2.695951976,-0.514158988,0.622929517,0.018554688,0.336914063,-3.21E-16,1,-26.072187,44.226402,0,11.797951,1,Chanda Hai Tu Mera Suraj Hai Tu (5)_shortened.wav
